"id","sku","name","breadcrumb","images","attribute_0_value","attribute_0_name","regular_price"
"ztfd","Singapore","Chăn ga gối Singapore Tencel 7 món mã 127","Trang chủ
         
        
      >
        
          Chăn ga gối Singapore Tencel
        
        
      >
        
          Chăn ga gối Singapore Tencel 7 món","https://demxanh.com/media/product/7914_chan_ga_goi_singapore_tencel_7m_127.jpg","Freesize","Kích thước","3.969.000đ"
"azwu99","Singapore","Chăn ga gối Singapore Tencel 7 món mã 126","Trang chủ
         
        
      >
        
          Chăn ga gối Singapore Tencel
        
        
      >
        
          Chăn ga gối Singapore Tencel 7 món","https://demxanh.com/media/product/7913_chan_ga_goi_singapore_tencel_7m_126.jpg","Freesize","Kích thước","3.969.000đ"
"yrvd","Singapore","Chăn ga gối Singapore Tencel 7 món mã 124","Trang chủ
         
        
      >
        
          Chăn ga gối Singapore Tencel
        
        
      >
        
          Chăn ga gối Singapore Tencel 7 món","https://demxanh.com/media/product/7911_chan_ga_goi_singapore_tencel_7m_124.jpg","Freesize","Kích thước","3.969.000đ"
"rh737a","Singapore","Chăn ga gối Singapore Tencel 7 món mã 118","Trang chủ
         
        
      >
        
          Chăn ga gối Singapore Tencel
        
        
      >
        
          Chăn ga gối Singapore Tencel 7 món","https://demxanh.com/media/product/7905_chan_ga_goi_singapore_tencel_7m_118.jpg","Freesize","Kích thước","3.969.000đ"
"vd1o8","Singapore","Chăn ga gối Singapore Tencel 7 món mã 111","Trang chủ
         
        
      >
        
          Chăn ga gối Singapore Tencel
        
        
      >
        
          Chăn ga gối Singapore Tencel 7 món","https://demxanh.com/media/product/7898_chan_ga_goi_singapore_tencel_7m_111.jpg","Freesize","Kích thước","3.969.000đ"
"hrulr","Singapore","Chăn ga gối Singapore Tencel 7 món mã 92","Trang chủ
         
        
      >
        
          Chăn ga gối Singapore Tencel
        
        
      >
        
          Chăn ga gối Singapore Tencel 7 món","https://demxanh.com/media/product/7879_chan_ga_goi_singapore_tencel_7m_101.jpg","Freesize","Kích thước","3.969.000đ"
"f6ldo","Singapore","Chăn ga gối Tencel Pyeoda Hàn Quốc đa sắc 5 món 25","Trang chủ
         
        
      >
        
          Chăn ga gối Singapore Tencel
        
        
      >
        
          Chăn ga gối Tencel Pyeoda Hàn Quốc đa sắc","https://demxanh.com/media/product/8304_chan_ga_goi_tencel_han_quoc__25_.jpg","Freesize","Kích thước","1.950.000đ"
"4y1j","Singapore","Chăn ga gối Tencel Pyeoda Hàn Quốc đa sắc 5 món 24","Trang chủ
         
        
      >
        
          Chăn ga gối Singapore Tencel
        
        
      >
        
          Chăn ga gối Tencel Pyeoda Hàn Quốc đa sắc","https://demxanh.com/media/product/8303_chan_ga_goi_tencel_han_quoc__24_.jpg","Freesize","Kích thước","1.950.000đ"
"jokfd","Singapore","Chăn ga gối Tencel Pyeoda Hàn Quốc đa sắc 5 món 23","Trang chủ
         
        
      >
        
          Chăn ga gối Singapore Tencel
        
        
      >
        
          Chăn ga gối Tencel Pyeoda Hàn Quốc đa sắc","https://demxanh.com/media/product/8302_chan_ga_goi_tencel_han_quoc__23_.jpg","Freesize","Kích thước","1.950.000đ"
"2oyok","Singapore","Chăn ga gối Tencel Pyeoda Hàn Quốc đa sắc 5 món 22","Trang chủ
         
        
      >
        
          Chăn ga gối Singapore Tencel
        
        
      >
        
          Chăn ga gối Tencel Pyeoda Hàn Quốc đa sắc","https://demxanh.com/media/product/8301_chan_ga_goi_tencel_han_quoc__21_.jpg","Freesize","Kích thước","1.950.000đ"
"8rjrd","Singapore","Chăn ga gối Tencel Pyeoda Hàn Quốc đa sắc 5 món 21","Trang chủ
         
        
      >
        
          Chăn ga gối Singapore Tencel
        
        
      >
        
          Chăn ga gối Tencel Pyeoda Hàn Quốc đa sắc","https://demxanh.com/media/product/8300_chan_ga_goi_tencel_han_quoc__22_.jpg","Freesize","Kích thước","1.950.000đ"
"k14k","Singapore","Chăn ga gối Tencel Pyeoda Hàn Quốc đa sắc 5 món 20","Trang chủ
         
        
      >
        
          Chăn ga gối Singapore Tencel
        
        
      >
        
          Chăn ga gối Tencel Pyeoda Hàn Quốc đa sắc","https://demxanh.com/media/product/8299_chan_ga_goi_tencel_han_quoc__20_.jpg","Freesize","Kích thước","1.950.000đ"
"qjswt","Singapore","Chăn ga gối Tencel Pyeoda Hàn Quốc đa sắc 5 món 19","Trang chủ
         
        
      >
        
          Chăn ga gối Singapore Tencel
        
        
      >
        
          Chăn ga gối Tencel Pyeoda Hàn Quốc đa sắc","https://demxanh.com/media/product/8298_chan_ga_goi_tencel_han_quoc__19_.jpg","Freesize","Kích thước","1.950.000đ"
"hk20b","Singapore","Chăn ga gối Tencel Pyeoda Hàn Quốc đa sắc 5 món 18","Trang chủ
         
        
      >
        
          Chăn ga gối Singapore Tencel
        
        
      >
        
          Chăn ga gối Tencel Pyeoda Hàn Quốc đa sắc","https://demxanh.com/media/product/8297_chan_ga_goi_tencel_han_quoc__18_.jpg","Freesize","Kích thước","1.950.000đ"
"madp","Singapore","Chăn ga gối Tencel Pyeoda Hàn Quốc đa sắc 5 món 17","Trang chủ
         
        
      >
        
          Chăn ga gối Singapore Tencel
        
        
      >
        
          Chăn ga gối Tencel Pyeoda Hàn Quốc đa sắc","https://demxanh.com/media/product/8296_chan_ga_goi_tencel_han_quoc__17_.jpg","Freesize","Kích thước","1.950.000đ"
"uw9fq","Singapore","Chăn ga gối Tencel Pyeoda Hàn Quốc đa sắc 5 món 16","Trang chủ
         
        
      >
        
          Chăn ga gối Singapore Tencel
        
        
      >
        
          Chăn ga gối Tencel Pyeoda Hàn Quốc đa sắc","https://demxanh.com/media/product/8295_chan_ga_goi_tencel_han_quoc__16_.jpg","Freesize","Kích thước","1.950.000đ"
"fu5z","Singapore","Chăn ga gối Tencel Pyeoda Hàn Quốc đa sắc 5 món 15","Trang chủ
         
        
      >
        
          Chăn ga gối Singapore Tencel
        
        
      >
        
          Chăn ga gối Tencel Pyeoda Hàn Quốc đa sắc","https://demxanh.com/media/product/8294_chan_ga_goi_tencel_han_quoc__15_.jpg","Freesize","Kích thước","1.950.000đ"
"tqec9","Singapore","Chăn ga gối Tencel Pyeoda Hàn Quốc đa sắc 5 món 14","Trang chủ
         
        
      >
        
          Chăn ga gối Singapore Tencel
        
        
      >
        
          Chăn ga gối Tencel Pyeoda Hàn Quốc đa sắc","https://demxanh.com/media/product/8293_chan_ga_goi_tencel_han_quoc__14_.jpg","Freesize","Kích thước","1.950.000đ"
"miixc","Singapore","Chăn ga gối Tencel Pyeoda Hàn Quốc đa sắc 5 món 13","Trang chủ
         
        
      >
        
          Chăn ga gối Singapore Tencel
        
        
      >
        
          Chăn ga gối Tencel Pyeoda Hàn Quốc đa sắc","https://demxanh.com/media/product/8292_chan_ga_goi_tencel_han_quoc__13_.jpg","Freesize","Kích thước","1.950.000đ"
"i16b","Singapore","Chăn ga gối Tencel Pyeoda Hàn Quốc đa sắc 5 món 12","Trang chủ
         
        
      >
        
          Chăn ga gối Singapore Tencel
        
        
      >
        
          Chăn ga gối Tencel Pyeoda Hàn Quốc đa sắc","https://demxanh.com/media/product/8291_chan_ga_goi_tencel_han_quoc__12_.jpg","Freesize","Kích thước","1.950.000đ"
"dxas","Singapore","Chăn ga gối Tencel Pyeoda Hàn Quốc đa sắc 5 món 11","Trang chủ
         
        
      >
        
          Chăn ga gối Singapore Tencel
        
        
      >
        
          Chăn ga gối Tencel Pyeoda Hàn Quốc đa sắc","https://demxanh.com/media/product/8290_chan_ga_goi_tencel_han_quoc__11_.jpg","Freesize","Kích thước","1.950.000đ"
"11dbv","Singapore","Chăn ga gối Tencel Pyeoda Hàn Quốc đa sắc 5 món 10","Trang chủ
         
        
      >
        
          Chăn ga gối Singapore Tencel
        
        
      >
        
          Chăn ga gối Tencel Pyeoda Hàn Quốc đa sắc","https://demxanh.com/media/product/8289_chan_ga_goi_tencel_han_quoc__10_.jpg","Freesize","Kích thước","1.950.000đ"
"cm7pn","Singapore","Chăn ga gối Tencel Pyeoda Hàn Quốc đa sắc 5 món 09","Trang chủ
         
        
      >
        
          Chăn ga gối Singapore Tencel
        
        
      >
        
          Chăn ga gối Tencel Pyeoda Hàn Quốc đa sắc","https://demxanh.com/media/product/8288_chan_ga_goi_tencel_han_quoc__9_.jpg","Freesize","Kích thước","1.950.000đ"
"l2vrh","Singapore","Chăn ga gối Tencel Pyeoda Hàn Quốc đa sắc 5 món 08","Trang chủ
         
        
      >
        
          Chăn ga gối Singapore Tencel
        
        
      >
        
          Chăn ga gối Tencel Pyeoda Hàn Quốc đa sắc","https://demxanh.com/media/product/8287_chan_ga_goi_tencel_han_quoc__8_.jpg","Freesize","Kích thước","1.950.000đ"
"5co5","Singapore","Chăn ga gối Tencel Pyeoda Hàn Quốc đa sắc 5 món 07","Trang chủ
         
        
      >
        
          Chăn ga gối Singapore Tencel
        
        
      >
        
          Chăn ga gối Tencel Pyeoda Hàn Quốc đa sắc","https://demxanh.com/media/product/8286_chan_ga_goi_tencel_han_quoc__7_.jpg","Freesize","Kích thước","1.950.000đ"
"6kkgo","Singapore","Chăn ga gối Tencel Pyeoda Hàn Quốc đa sắc 5 món 06","Trang chủ
         
        
      >
        
          Chăn ga gối Singapore Tencel
        
        
      >
        
          Chăn ga gối Tencel Pyeoda Hàn Quốc đa sắc","https://demxanh.com/media/product/8285_chan_ga_goi_tencel_han_quoc__6_.jpg","Freesize","Kích thước","1.950.000đ"
"93aaj","Singapore","Chăn ga gối Tencel Pyeoda Hàn Quốc đa sắc 5 món 05","Trang chủ
         
        
      >
        
          Chăn ga gối Singapore Tencel
        
        
      >
        
          Chăn ga gối Tencel Pyeoda Hàn Quốc đa sắc","https://demxanh.com/media/product/8284_chan_ga_goi_tencel_han_quoc__5_.jpg","Freesize","Kích thước","1.950.000đ"
"gamed","Singapore","Chăn ga gối Tencel Pyeoda Hàn Quốc đa sắc 5 món 04","Trang chủ
         
        
      >
        
          Chăn ga gối Singapore Tencel
        
        
      >
        
          Chăn ga gối Tencel Pyeoda Hàn Quốc đa sắc","https://demxanh.com/media/product/8283_chan_ga_goi_tencel_han_quoc__4_.jpg","Freesize","Kích thước","1.950.000đ"
"lfdlu","Singapore","Chăn ga gối Tencel Pyeoda Hàn Quốc đa sắc 5 món 03","Trang chủ
         
        
      >
        
          Chăn ga gối Singapore Tencel
        
        
      >
        
          Chăn ga gối Tencel Pyeoda Hàn Quốc đa sắc","https://demxanh.com/media/product/8282_chan_ga_goi_tencel_han_quoc__3_.jpg","Freesize","Kích thước","1.950.000đ"
"2gq3f","Singapore","Chăn ga gối Tencel Pyeoda Hàn Quốc đa sắc 5 món 02","Trang chủ
         
        
      >
        
          Chăn ga gối Singapore Tencel
        
        
      >
        
          Chăn ga gối Tencel Pyeoda Hàn Quốc đa sắc","https://demxanh.com/media/product/8281_chan_ga_goi_tencel_han_quoc__2_.jpg","Freesize","Kích thước","1.950.000đ"
"3xoyh","Singapore","Chăn ga gối Tencel Pyeoda Hàn Quốc đa sắc 5 món 01","Trang chủ
         
        
      >
        
          Chăn ga gối Singapore Tencel
        
        
      >
        
          Chăn ga gối Tencel Pyeoda Hàn Quốc đa sắc","https://demxanh.com/media/product/8280_chan_ga_goi_tencel_han_quoc__1_.jpg","Freesize","Kích thước","1.950.000đ"
"zkfuc","Singapore","Chăn ga gối Pyeoda Tencel EU xước 5 món 14","Trang chủ
         
        
      >
        
          Chăn ga gối Singapore Tencel
        
        
      >
        
          Chăn ga gối Pyeoda Tencel EU xước 5 món","https://demxanh.com/media/product/8265_chan_ga_goi_tencel_xuoc_5_mon__14_.jpg","Freesize","Kích thước","2.950.000đ"
"8gqlm","Singapore","Chăn ga gối Pyeoda Tencel EU xước 5 món 13","Trang chủ
         
        
      >
        
          Chăn ga gối Singapore Tencel
        
        
      >
        
          Chăn ga gối Pyeoda Tencel EU xước 5 món","https://demxanh.com/media/product/8264_chan_ga_goi_tencel_xuoc_5_mon__13_.jpg","Freesize","Kích thước","2.950.000đ"
"mkkrb","Singapore","Chăn ga gối Pyeoda Tencel EU xước 5 món 12","Trang chủ
         
        
      >
        
          Chăn ga gối Singapore Tencel
        
        
      >
        
          Chăn ga gối Pyeoda Tencel EU xước 5 món","https://demxanh.com/media/product/8263_chan_ga_goi_tencel_xuoc_5_mon__12_.jpg","Freesize","Kích thước","2.950.000đ"
"wbhb","Singapore","Chăn ga gối Pyeoda Tencel EU xước 5 món 11","Trang chủ
         
        
      >
        
          Chăn ga gối Singapore Tencel
        
        
      >
        
          Chăn ga gối Pyeoda Tencel EU xước 5 món","https://demxanh.com/media/product/8262_chan_ga_goi_tencel_xuoc_5_mon__11_.jpg","Freesize","Kích thước","2.950.000đ"
"acpg","Singapore","Chăn ga gối Pyeoda Tencel EU xước 5 món 10","Trang chủ
         
        
      >
        
          Chăn ga gối Singapore Tencel
        
        
      >
        
          Chăn ga gối Pyeoda Tencel EU xước 5 món","https://demxanh.com/media/product/8261_chan_ga_goi_tencel_xuoc_5_mon__10_.jpg","Freesize","Kích thước","2.950.000đ"
"k5dpf","Singapore","Chăn ga gối Pyeoda Tencel EU xước 5 món 09","Trang chủ
         
        
      >
        
          Chăn ga gối Singapore Tencel
        
        
      >
        
          Chăn ga gối Pyeoda Tencel EU xước 5 món","https://demxanh.com/media/product/8260_chan_ga_goi_tencel_xuoc_5_mon__9_.jpg","Freesize","Kích thước","2.950.000đ"
"cdqsq","Singapore","Chăn ga gối Pyeoda Tencel EU xước 5 món 08","Trang chủ
         
        
      >
        
          Chăn ga gối Singapore Tencel
        
        
      >
        
          Chăn ga gối Pyeoda Tencel EU xước 5 món","https://demxanh.com/media/product/8259_chan_ga_goi_tencel_xuoc_5_mon__8_.jpg","Freesize","Kích thước","2.950.000đ"
"faeis","Singapore","Chăn ga gối Pyeoda Tencel EU xước 5 món 07","Trang chủ
         
        
      >
        
          Chăn ga gối Singapore Tencel
        
        
      >
        
          Chăn ga gối Pyeoda Tencel EU xước 5 món","https://demxanh.com/media/product/8258_chan_ga_goi_tencel_xuoc_5_mon__7_.jpg","Freesize","Kích thước","2.950.000đ"
"r3q9e","Singapore","Chăn ga gối Pyeoda Tencel EU xước 5 món 06","Trang chủ
         
        
      >
        
          Chăn ga gối Singapore Tencel
        
        
      >
        
          Chăn ga gối Pyeoda Tencel EU xước 5 món","https://demxanh.com/media/product/8257_chan_ga_goi_tencel_xuoc_5_mon__6_.jpg","Freesize","Kích thước","2.950.000đ"
"63uqw","Singapore","Chăn ga gối Pyeoda Tencel EU xước 5 món 05","Trang chủ
         
        
      >
        
          Chăn ga gối Singapore Tencel
        
        
      >
        
          Chăn ga gối Pyeoda Tencel EU xước 5 món","https://demxanh.com/media/product/8256_chan_ga_goi_tencel_xuoc_5_mon__5_.jpg","Freesize","Kích thước","2.950.000đ"
"b1xpj","Singapore","Chăn ga gối Pyeoda Tencel EU xước 5 món 04","Trang chủ
         
        
      >
        
          Chăn ga gối Singapore Tencel
        
        
      >
        
          Chăn ga gối Pyeoda Tencel EU xước 5 món","https://demxanh.com/media/product/8255_chan_ga_goi_tencel_xuoc_5_mon__4_.jpg","Freesize","Kích thước","2.950.000đ"
"kb55m","Singapore","Chăn ga gối Pyeoda Tencel EU xước 5 món 03","Trang chủ
         
        
      >
        
          Chăn ga gối Singapore Tencel
        
        
      >
        
          Chăn ga gối Pyeoda Tencel EU xước 5 món","https://demxanh.com/media/product/8254_chan_ga_goi_tencel_xuoc_5_mon__3_.jpg","Freesize","Kích thước","2.950.000đ"
"zyej8","Singapore","Chăn ga gối Pyeoda Tencel EU xước 5 món 02","Trang chủ
         
        
      >
        
          Chăn ga gối Singapore Tencel
        
        
      >
        
          Chăn ga gối Pyeoda Tencel EU xước 5 món","https://demxanh.com/media/product/8253_chan_ga_goi_tencel_xuoc_5_mon__2_.jpg","Freesize","Kích thước","2.950.000đ"
"6nj6q","Singapore","Chăn ga gối Pyeoda Tencel EU xước 5 món 01","Trang chủ
         
        
      >
        
          Chăn ga gối Singapore Tencel
        
        
      >
        
          Chăn ga gối Pyeoda Tencel EU xước 5 món","https://demxanh.com/media/product/8252_chan_ga_goi_tencel_xuoc_5_mon__1_.jpg","Freesize","Kích thước","2.950.000đ"
"yps8","Singapore","Chăn ga gối Singapore Tencel 7 món mã 128","Trang chủ
         
        
      >
        
          Chăn ga gối Singapore Tencel
        
        
      >
        
          Chăn ga gối Singapore Tencel 7 món","https://demxanh.com/media/product/7915_chan_ga_goi_singapore_tencel_7m_128.jpg","Freesize","Kích thước","3.969.000đ"
"9fs7t","Singapore","Chăn ga gối Singapore Tencel 7 món mã 125","Trang chủ
         
        
      >
        
          Chăn ga gối Singapore Tencel
        
        
      >
        
          Chăn ga gối Singapore Tencel 7 món","https://demxanh.com/media/product/7912_chan_ga_goi_singapore_tencel_7m_125.jpg","Freesize","Kích thước","3.969.000đ"
"fv9l","Singapore","Chăn ga gối Singapore Tencel 7 món mã 123","Trang chủ
         
        
      >
        
          Chăn ga gối Singapore Tencel
        
        
      >
        
          Chăn ga gối Singapore Tencel 7 món","https://demxanh.com/media/product/7910_chan_ga_goi_singapore_tencel_7m_123.jpg","Freesize","Kích thước","3.969.000đ"
"94r0o","Singapore","Chăn ga gối Singapore Tencel 7 món mã 122","Trang chủ
         
        
      >
        
          Chăn ga gối Singapore Tencel
        
        
      >
        
          Chăn ga gối Singapore Tencel 7 món","https://demxanh.com/media/product/7909_chan_ga_goi_singapore_tencel_7m_122.jpg","Freesize","Kích thước","3.969.000đ"
"2swla","Singapore","Chăn ga gối Singapore Tencel 7 món mã 121","Trang chủ
         
        
      >
        
          Chăn ga gối Singapore Tencel
        
        
      >
        
          Chăn ga gối Singapore Tencel 7 món","https://demxanh.com/media/product/7908_chan_ga_goi_singapore_tencel_7m_1199.jpg","Freesize","Kích thước","3.969.000đ"
"ua0hr","Singapore","Chăn ga gối Singapore Tencel 7 món mã 120","Trang chủ
         
        
      >
        
          Chăn ga gối Singapore Tencel
        
        
      >
        
          Chăn ga gối Singapore Tencel 7 món","https://demxanh.com/media/product/7907_chan_ga_goi_singapore_tencel_7m_120.jpg","Freesize","Kích thước","3.969.000đ"
"yv8un","Singapore","Chăn ga gối Singapore Tencel 7 món mã 119","Trang chủ
         
        
      >
        
          Chăn ga gối Singapore Tencel
        
        
      >
        
          Chăn ga gối Singapore Tencel 7 món","https://demxanh.com/media/product/7906_chan_ga_goi_singapore_tencel_7m_119__4_.jpg,https://demxanh.com/media/product/7906_chan_ga_goi_singapore_tencel_7m_119__3_.jpg,https://demxanh.com/media/product/7906_chan_ga_goi_singapore_tencel_7m_119__2_.jpg,https://demxanh.com/media/product/7906_chan_ga_goi_singapore_tencel_7m_119__1_.jpg,https://demxanh.com/media/product/7906_chan_ga_goi_singapore_tencel_7m_119__1_.jpg","Freesize","Kích thước","3.969.000đ"
"5dsui","Singapore","Chăn ga gối Singapore Tencel 7 món mã 117","Trang chủ
         
        
      >
        
          Chăn ga gối Singapore Tencel
        
        
      >
        
          Chăn ga gối Singapore Tencel 7 món","https://demxanh.com/media/product/7904_chan_ga_goi_singapore_tencel_7m_117.jpg","Freesize","Kích thước","3.969.000đ"
"hpud","Singapore","Chăn ga gối Singapore Tencel 7 món mã 115","Trang chủ
         
        
      >
        
          Chăn ga gối Singapore Tencel
        
        
      >
        
          Chăn ga gối Singapore Tencel 7 món","https://demxanh.com/media/product/7902_chan_ga_goi_singapore_tencel_7m_115.jpg","Freesize","Kích thước","3.969.000đ"
"y2o2a","Singapore","Chăn ga gối Singapore Tencel 7 món mã 114","Trang chủ
         
        
      >
        
          Chăn ga gối Singapore Tencel
        
        
      >
        
          Chăn ga gối Singapore Tencel 7 món","https://demxanh.com/media/product/7901_chan_ga_goi_singapore_tencel_7m_114.jpg","Freesize","Kích thước","3.969.000đ"
"ray0kc","Singapore","Chăn ga gối Singapore Tencel 7 món mã 113","Trang chủ
         
        
      >
        
          Chăn ga gối Singapore Tencel
        
        
      >
        
          Chăn ga gối Singapore Tencel 7 món","https://demxanh.com/media/product/7900_chan_ga_goi_singapore_tencel_7m_113.jpg","Freesize","Kích thước","3.969.000đ"
"ft4y4v","Singapore","Chăn ga gối Singapore Tencel 7 món mã 112","Trang chủ
         
        
      >
        
          Chăn ga gối Singapore Tencel
        
        
      >
        
          Chăn ga gối Singapore Tencel 7 món","https://demxanh.com/media/product/7899_chan_ga_goi_singapore_tencel_7m_112.jpg","Freesize","Kích thước","3.969.000đ"
"eruj","Singapore","Chăn ga gối Singapore Tencel 7 món mã 110","Trang chủ
         
        
      >
        
          Chăn ga gối Singapore Tencel
        
        
      >
        
          Chăn ga gối Singapore Tencel 7 món","https://demxanh.com/media/product/7897_chan_ga_goi_singapore_tencel_7m_110.jpg","Freesize","Kích thước","3.969.000đ"
"4ijci","Singapore","Chăn ga gối Singapore Tencel 7 món mã 109","Trang chủ
         
        
      >
        
          Chăn ga gối Singapore Tencel
        
        
      >
        
          Chăn ga gối Singapore Tencel 7 món","https://demxanh.com/media/product/7896_chan_ga_goi_singapore_tencel_7m_109.jpg","Freesize","Kích thước","3.969.000đ"
"msde8","Singapore","Chăn ga gối Singapore Tencel 7 món mã 108","Trang chủ
         
        
      >
        
          Chăn ga gối Singapore Tencel
        
        
      >
        
          Chăn ga gối Singapore Tencel 7 món","https://demxanh.com/media/product/7895_chan_ga_goi_singapore_tencel_7m_108.jpg","Freesize","Kích thước","3.969.000đ"
"dnjj","Singapore","Chăn ga gối Singapore Tencel 7 món mã 107","Trang chủ
         
        
      >
        
          Chăn ga gối Singapore Tencel
        
        
      >
        
          Chăn ga gối Singapore Tencel 7 món","https://demxanh.com/media/product/7894_chan_ga_goi_singapore_tencel_7m_107.jpg","Freesize","Kích thước","3.969.000đ"
"3t2pg","Singapore","Chăn ga gối Singapore Tencel 7 món mã 106","Trang chủ
         
        
      >
        
          Chăn ga gối Singapore Tencel
        
        
      >
        
          Chăn ga gối Singapore Tencel 7 món","https://demxanh.com/media/product/7893_chan_ga_goi_singapore_tencel_7m_106.jpg","Freesize","Kích thước","3.969.000đ"
"hj3dl","Singapore","Chăn ga gối Singapore Tencel 7 món mã 105","Trang chủ
         
        
      >
        
          Chăn ga gối Singapore Tencel
        
        
      >
        
          Chăn ga gối Singapore Tencel 7 món","https://demxanh.com/media/product/7892_chan_ga_goi_singapore_tencel_7m_105.jpg","Freesize","Kích thước","3.969.000đ"
"uz59c","Singapore","Chăn ga gối Singapore Tencel 7 món mã 104","Trang chủ
         
        
      >
        
          Chăn ga gối Singapore Tencel
        
        
      >
        
          Chăn ga gối Singapore Tencel 7 món","https://demxanh.com/media/product/7891_chan_ga_goi_singapore_tencel_7m_104.jpg","Freesize","Kích thước","3.969.000đ"
"gvl6s","Singapore","Chăn ga gối Singapore Tencel 7 món mã 103","Trang chủ
         
        
      >
        
          Chăn ga gối Singapore Tencel
        
        
      >
        
          Chăn ga gối Singapore Tencel 7 món","https://demxanh.com/media/product/7890_chan_ga_goi_singapore_tencel_7m_103.jpg","Freesize","Kích thước","3.969.000đ"
"1qlz8","Singapore","Chăn ga gối Singapore Tencel 7 món mã 102","Trang chủ
         
        
      >
        
          Chăn ga gối Singapore Tencel
        
        
      >
        
          Chăn ga gối Singapore Tencel 7 món","https://demxanh.com/media/product/7889_chan_ga_goi_singapore_tencel_7m_102.jpg","Fresize","Kích thước","3.969.000đ"
"e1lm","Singapore","Chăn ga gối Singapore Tencel 7 món mã 101","Trang chủ
         
        
      >
        
          Chăn ga gối Singapore Tencel
        
        
      >
        
          Chăn ga gối Singapore Tencel 7 món","https://demxanh.com/media/product/7888_chan_ga_goi_singapore_tencel_7m_101.jpg","Freesize","Kích thước","3.969.000đ"
"rabjc","Singapore","Chăn ga gối Singapore Tencel 7 món mã 100","Trang chủ
         
        
      >
        
          Chăn ga gối Singapore Tencel
        
        
      >
        
          Chăn ga gối Singapore Tencel 7 món","https://demxanh.com/media/product/7887_chan_ga_goi_singapore_tencel_7m_100.jpg","Freesize","Kích thước","3.969.000đ"
"amvw9","Singapore","Chăn ga gối Singapore Tencel 7 món mã 99","Trang chủ
         
        
      >
        
          Chăn ga gối Singapore Tencel
        
        
      >
        
          Chăn ga gối Singapore Tencel 7 món","https://demxanh.com/media/product/7886_chan_ga_goi_singapore_tencel_7m_99.jpg","Freesize","Kích thước","3.969.000đ"
"fqs5h","Singapore","Chăn ga gối Singapore Tencel 7 món mã 98","Trang chủ
         
        
      >
        
          Chăn ga gối Singapore Tencel
        
        
      >
        
          Chăn ga gối Singapore Tencel 7 món","https://demxanh.com/media/product/7885_chan_ga_goi_singapore_tencel_7m_98.jpg","Freesize","Kích thước","3.969.000đ"
"q9b8a","Singapore","Chăn ga gối Singapore Tencel 7 món mã 97","Trang chủ
         
        
      >
        
          Chăn ga gối Singapore Tencel
        
        
      >
        
          Chăn ga gối Singapore Tencel 7 món","https://demxanh.com/media/product/7884_chan_ga_goi_singapore_tencel_7m_97.jpg","Freesize","Kích thước","3.969.000đ"
"p4p8r","Singapore","Chăn ga gối Singapore Tencel 7 món mã 96","Trang chủ
         
        
      >
        
          Chăn ga gối Singapore Tencel
        
        
      >
        
          Chăn ga gối Singapore Tencel 7 món","https://demxanh.com/media/product/7883_chan_ga_goi_singapore_tencel_7m_96.jpg","Freesize","Kích thước","3.969.000đ"
"0flv7","Singapore","Chăn ga gối Singapore Tencel 7 món mã 95","Trang chủ
         
        
      >
        
          Chăn ga gối Singapore Tencel
        
        
      >
        
          Chăn ga gối Singapore Tencel 7 món","https://demxanh.com/media/product/7882_chan_ga_goi_singapore_tencel_7m_95.jpg","Freesize","Kích thước","3.969.000đ"
"gp24","Singapore","Chăn ga gối Singapore Tencel 7 món mã 93","Trang chủ
         
        
      >
        
          Chăn ga gối Singapore Tencel
        
        
      >
        
          Chăn ga gối Singapore Tencel 7 món","https://demxanh.com/media/product/7880_chan_ga_goi_singapore_tencel_7m_93.jpg","Freesize","Kích thước","3.969.000đ"
"8go0n","Singapore","Chăn ga gối Singapore Tencel 7 món mã 91","Trang chủ
         
        
      >
        
          Chăn ga gối Singapore Tencel
        
        
      >
        
          Chăn ga gối Singapore Tencel 7 món","https://demxanh.com/media/product/7878_chan_ga_goi_singapore_tencel_7m_91.jpg","Freesize","Kích thước","3.969.000đ"
"jnsum","Singapore","Chăn ga gối Singapore Tencel 7 món mã 90","Trang chủ
         
        
      >
        
          Chăn ga gối Singapore Tencel
        
        
      >
        
          Chăn ga gối Singapore Tencel 7 món","https://demxanh.com/media/product/7877_chan_ga_goi_singapore_tencel_7m_90.jpg","Freesize","Kích thước","3.969.000đ"
"vxrky","Singapore","Chăn ga gối Singapore Tencel 7 món mã 89","Trang chủ
         
        
      >
        
          Chăn ga gối Singapore Tencel
        
        
      >
        
          Chăn ga gối Singapore Tencel 7 món","https://demxanh.com/media/product/7876_chan_ga_goi_singapore_tencel_7m_89.jpg","Freesize","Kích thước","3.969.000đ"
"4ur48","Singapore","Chăn ga gối Singapore Tencel 7 món mã 88","Trang chủ
         
        
      >
        
          Chăn ga gối Singapore Tencel
        
        
      >
        
          Chăn ga gối Singapore Tencel 7 món","https://demxanh.com/media/product/7875_chan_ga_goi_singapore_tencel_7m_88.jpg","Freesize","Kích thước","3.969.000đ"
"5b8o","Singapore","Chăn ga gối Singapore Tencel 7 món mã 87","Trang chủ
         
        
      >
        
          Chăn ga gối Singapore Tencel
        
        
      >
        
          Chăn ga gối Singapore Tencel 7 món","https://demxanh.com/media/product/7874_chan_ga_goi_singapore_tencel_7m_87.jpg","Freesize","Kích thước","3.969.000đ"
"dyiqh","Singapore","Chăn ga gối Singapore Tencel 7 món mã 86","Trang chủ
         
        
      >
        
          Chăn ga gối Singapore Tencel
        
        
      >
        
          Chăn ga gối Singapore Tencel 7 món","https://demxanh.com/media/product/7873_chan_ga_goi_singapore_tencel_7m_86.jpg","Freesize","Kích thước","3.969.000đ"
"cd4nd","Singapore","Chăn ga gối Singapore Tencel 7 món mã 85","Trang chủ
         
        
      >
        
          Chăn ga gối Singapore Tencel
        
        
      >
        
          Chăn ga gối Singapore Tencel 7 món","https://demxanh.com/media/product/7872_chan_ga_goi_singapore_tencel_7m_85.jpg","Freesize","Kích thước","3.969.000đ"
"4vq3","Singapore","Chăn ga gối Singapore Tencel 7 món mã 84","Trang chủ
         
        
      >
        
          Chăn ga gối Singapore Tencel
        
        
      >
        
          Chăn ga gối Singapore Tencel 7 món","https://demxanh.com/media/product/7871_chan_ga_goi_singapore_tencel_7m_84.jpg","Freesize","Kích thước","3.969.000đ"
"swk0f","Singapore","Chăn ga gối Singapore Tencel 7 món mã 83","Trang chủ
         
        
      >
        
          Chăn ga gối Singapore Tencel
        
        
      >
        
          Chăn ga gối Singapore Tencel 7 món","https://demxanh.com/media/product/7870_chan_ga_goi_singapore_tencel_7m_83.jpg","Freesize","Kích thước","3.969.000đ"
"l7bg9","Singapore","Chăn ga gối Singapore Tencel 7 món mã 82","Trang chủ
         
        
      >
        
          Chăn ga gối Singapore Tencel
        
        
      >
        
          Chăn ga gối Singapore Tencel 7 món","https://demxanh.com/media/product/7869_chan_ga_goi_singapore_tencel_7m_82.jpg","Freesize","Kích thước","3.969.000đ"
"4b2tr","Singapore","Chăn ga gối Singapore Tencel 7 món mã 81","Trang chủ
         
        
      >
        
          Chăn ga gối Singapore Tencel
        
        
      >
        
          Chăn ga gối Singapore Tencel 7 món","https://demxanh.com/media/product/7868_chan_ga_goi_singapore_tencel_7m_81.jpg","Freesize","Kích thước","3.969.000đ"
"2e7do","Singapore","Chăn ga gối Singapore Tencel 7 món mã 80","Trang chủ
         
        
      >
        
          Chăn ga gối Singapore Tencel
        
        
      >
        
          Chăn ga gối Singapore Tencel 7 món","https://demxanh.com/media/product/7867_chan_ga_goi_singapore_tencel_7m_80.jpg","Freesize","Kích thước","3.969.000đ"
"8k9pu","Singapore","Chăn ga gối Singapore Tencel 7 món mã 79","Trang chủ
         
        
      >
        
          Chăn ga gối Singapore Tencel
        
        
      >
        
          Chăn ga gối Singapore Tencel 7 món","https://demxanh.com/media/product/7866_chan_ga_goi_singapore_tencel_7m_79.jpg","Freesize","Kích thước","3.969.000đ"
"8v0h","Singapore","Chăn ga gối Singapore Tencel 7 món mã 78","Trang chủ
         
        
      >
        
          Chăn ga gối Singapore Tencel
        
        
      >
        
          Chăn ga gối Singapore Tencel 7 món","https://demxanh.com/media/product/7865_chan_ga_goi_singapore_tencel_7m_78.jpg","Freesize","Kích thước","3.969.000đ"
"mglwo","Singapore","Chăn ga gối Singapore Tencel 7 món mã 77","Trang chủ
         
        
      >
        
          Chăn ga gối Singapore Tencel
        
        
      >
        
          Chăn ga gối Singapore Tencel 7 món","https://demxanh.com/media/product/7864_chan_ga_goi_singapore_tencel_7m_77.jpg","Freesize","Kích thước","3.969.000đ"
"wyo6b","(Unknown)","Chăn ga gối Tencel Nicolas TN2206 màu ghi đậm","Trang chủ
         
        
      >
        
          Chăn ga gối Singapore Tencel
        
        
      >
        
          Chăn ga gối Nicolas Tencel 7 món","https://demxanh.com/media/product/7697_chan_ga_goi_tencel_nicolas_ghi_dam.jpg","Freesize","Kích thước","3.969.000đ"
"he2dg","(Unknown)","Chăn ga gối Tencel Nicolas TN2205 màu xanh dương","Trang chủ
         
        
      >
        
          Chăn ga gối Singapore Tencel
        
        
      >
        
          Chăn ga gối Nicolas Tencel 7 món","https://demxanh.com/media/product/7696_chan_ga_goi_tencel_nicolas_xanh__duong.jpg","Freesize","Kích thước","3.969.000đ"
"6h16","(Unknown)","Chăn ga gối Tencel Nicolas TN2204 màu xanh nhạt","Trang chủ
         
        
      >
        
          Chăn ga gối Singapore Tencel
        
        
      >
        
          Chăn ga gối Nicolas Tencel 7 món","https://demxanh.com/media/product/7695_chan_ga_goi_tencel_nicolas_xanh_nhat.jpg","Freesize","Kích thước","3.969.000đ"
"7vsmf","(Unknown)","Chăn ga gối Tencel Nicolas TN2203 màu xám","Trang chủ
         
        
      >
        
          Chăn ga gối Singapore Tencel
        
        
      >
        
          Chăn ga gối Nicolas Tencel 7 món","https://demxanh.com/media/product/7694_chan_ga_goi_tencel_nicolas_xan.jpg","Freesize","Kích thước","3.969.000đ"
"jlof8","(Unknown)","Chăn ga gối Tencel Nicolas TN2202 màu hồng","Trang chủ
         
        
      >
        
          Chăn ga gối Singapore Tencel
        
        
      >
        
          Chăn ga gối Nicolas Tencel 7 món","https://demxanh.com/media/product/7693_chan_ga_goi_tencel_nicolas_hong.jpg","Freesize","Kích thước","3.969.000đ"
"gidqi","(Unknown)","Chăn ga gối Tencel Nicolas TN2201 màu xanh ngọc","Trang chủ
         
        
      >
        
          Chăn ga gối Singapore Tencel
        
        
      >
        
          Chăn ga gối Nicolas Tencel 7 món","https://demxanh.com/media/product/7692_chan_ga_goi_tencel_nicolas_xanh_ngoc.jpg","Freesize","Kích thước","3.969.000đ"
"1q6req","Singapore","Chăn ga gối Singapore Tencel 7 món mã 76","Trang chủ
         
        
      >
        
          Chăn ga gối Singapore Tencel
        
        
      >
        
          Chăn ga gối Singapore Tencel 7 món","https://demxanh.com/media/product/7680_chan_ga_goi_tencel_trang__2_.jpg","Freesize","Kích thước","3.969.000đ"
"jt0p","Singapore","Chăn ga gối Singapore Tencel 7 món mã 75","Trang chủ
         
        
      >
        
          Chăn ga gối Singapore Tencel
        
        
      >
        
          Chăn ga gối Singapore Tencel 7 món","https://demxanh.com/media/product/7679_chan_ga_goi_tencel_trang.jpg","Freesize","Kích thước","3.969.000đ"
"gykdg","(Unknown)","Chăn ga gối Tencel Nicolas TN20024 màu vàng","Trang chủ
         
        
      >
        
          Chăn ga gối Singapore Tencel
        
        
      >
        
          Chăn ga gối Nicolas Tencel 7 món","https://demxanh.com/media/product/7291_chan_ga_goi_tencel_nicolas_mau_vang_24.jpg,https://demxanh.com/media/product/7291_chan_ga_goi_tencel_nicolas_mau_vang_24__10_.jpg,https://demxanh.com/media/product/7291_chan_ga_goi_tencel_nicolas_mau_vang_24__9_.jpg,https://demxanh.com/media/product/7291_chan_ga_goi_tencel_nicolas_mau_vang_24__8_.jpg,https://demxanh.com/media/product/7291_chan_ga_goi_tencel_nicolas_mau_vang_24__7_.jpg,https://demxanh.com/media/product/7291_chan_ga_goi_tencel_nicolas_mau_vang_24__6_.jpg,https://demxanh.com/media/product/7291_chan_ga_goi_tencel_nicolas_mau_vang_24__6_.jpg","Freesize","Kích thước","3.969.000đ"
"qagug","(Unknown)","Chăn ga gối Tencel Nicolas TN20023 màu xanh","Trang chủ
         
        
      >
        
          Chăn ga gối Singapore Tencel
        
        
      >
        
          Chăn ga gối Nicolas Tencel 7 món","https://demxanh.com/media/product/7290_chan_ga_goi_tencel_nicolas_mau_xanh_23__5_.jpg,https://demxanh.com/media/product/7290_chan_ga_goi_tencel_nicolas_mau_xanh_23__4_.jpg,https://demxanh.com/media/product/7290_chan_ga_goi_tencel_nicolas_mau_xanh_23__3_.jpg,https://demxanh.com/media/product/7290_chan_ga_goi_tencel_nicolas_mau_xanh_23__2_.jpg,https://demxanh.com/media/product/7290_chan_ga_goi_tencel_nicolas_mau_xanh_23__1_.jpg,https://demxanh.com/media/product/7290_chan_ga_goi_tencel_nicolas_mau_xanh_23__1_.jpg","Freesize","Kích thước","3.969.000đ"
"0hzu6","Singapore","Chăn ga gối Singapore Tencel 7 món mã 74","Trang chủ
         
        
      >
        
          Chăn ga gối Singapore Tencel
        
        
      >
        
          Chăn ga gối Singapore Tencel 7 món","https://demxanh.com/media/product/7241_chan_ga_goi_singapore_tencel__7_.png","Freesize","Kích thước","3.969.000đ"
"e582q","Singapore","Chăn ga gối Singapore Tencel 7 món mã 73","Trang chủ
         
        
      >
        
          Chăn ga gối Singapore Tencel
        
        
      >
        
          Chăn ga gối Singapore Tencel 7 món","https://demxanh.com/media/product/7240_chan_ga_goi_singapore_tencel__6_.png","Freesize","Kích thước","3.969.000đ"
"0955","Singapore","Chăn ga gối Singapore Tencel 7 món mã 72","Trang chủ
         
        
      >
        
          Chăn ga gối Singapore Tencel
        
        
      >
        
          Chăn ga gối Singapore Tencel 7 món","https://demxanh.com/media/product/7239_chan_ga_goi_singapore_tencel__5_.png","Freesize","Kích thước","3.969.000đ"
"9ks2","Singapore","Chăn ga gối Singapore Tencel 7 món mã 71","Trang chủ
         
        
      >
        
          Chăn ga gối Singapore Tencel
        
        
      >
        
          Chăn ga gối Singapore Tencel 7 món","https://demxanh.com/media/product/7238_chan_ga_goi_singapore_tencel__4_.png","Freesize","Kích thước","3.969.000đ"
"kf7vl","Singapore","Chăn ga gối Singapore Tencel 7 món mã 70","Trang chủ
         
        
      >
        
          Chăn ga gối Singapore Tencel
        
        
      >
        
          Chăn ga gối Singapore Tencel 7 món","https://demxanh.com/media/product/7237_chan_ga_goi_singapore_tencel__3_.png","Freesize","Kích thước","3.969.000đ"
"8io3k","Singapore","Chăn ga gối Singapore Tencel 7 món mã 69","Trang chủ
         
        
      >
        
          Chăn ga gối Singapore Tencel
        
        
      >
        
          Chăn ga gối Singapore Tencel 7 món","https://demxanh.com/media/product/7236_chan_ga_goi_singapore_tencel__2_.png","Freesize","Kích thước","3.969.000đ"
"7ybwc","Singapore","Chăn ga gối Singapore Tencel 7 món mã 68","Trang chủ
         
        
      >
        
          Chăn ga gối Singapore Tencel
        
        
      >
        
          Chăn ga gối Singapore Tencel 7 món","https://demxanh.com/media/product/7235_chan_ga_goi_singapore_tencel__1_.png","Freesize","Kích thước","3.969.000đ"
"2niyf","(Unknown)","Chăn ga gối Tencel Nicolas TN20021","Trang chủ
         
        
      >
        
          Chăn ga gối Singapore Tencel
        
        
      >
        
          Chăn ga gối Nicolas Tencel 7 món","https://demxanh.com/media/product/6928_21.jpg","Freesize","Kích thước","3.969.000đ"
"6umj9","(Unknown)","Chăn ga gối Tencel Nicolas TN20020","Trang chủ
         
        
      >
        
          Chăn ga gối Singapore Tencel
        
        
      >
        
          Chăn ga gối Nicolas Tencel 7 món","https://demxanh.com/media/product/6927_20.jpg","Freesize","Kích thước","3.969.000đ"
"pp5e7","(Unknown)","Chăn ga gối Tencel Nicolas TN20019","Trang chủ
         
        
      >
        
          Chăn ga gối Singapore Tencel
        
        
      >
        
          Chăn ga gối Nicolas Tencel 7 món","https://demxanh.com/media/product/6926_19.jpg","Freesize","Kích thước","3.969.000đ"
"cke24","(Unknown)","Chăn ga gối Tencel Nicolas TN20018","Trang chủ
         
        
      >
        
          Chăn ga gối Singapore Tencel
        
        
      >
        
          Chăn ga gối Nicolas Tencel 7 món","https://demxanh.com/media/product/6925_18.jpg","Freesize","Kích thước","3.969.000đ"
"qo6w2","(Unknown)","Chăn ga gối Tencel Nicolas TN20017","Trang chủ
         
        
      >
        
          Chăn ga gối Singapore Tencel
        
        
      >
        
          Chăn ga gối Nicolas Tencel 7 món","https://demxanh.com/media/product/6924_17.jpg","Freesize","Kích thước","3.969.000đ"
"j55c","(Unknown)","Chăn ga gối Tencel Nicolas TN20016","Trang chủ
         
        
      >
        
          Chăn ga gối Singapore Tencel
        
        
      >
        
          Chăn ga gối Nicolas Tencel 7 món","https://demxanh.com/media/product/6923_16_c.jpg,https://demxanh.com/media/product/6923_16_b.jpg,https://demxanh.com/media/product/6923_16_a.jpg,https://demxanh.com/media/product/6923_16_a.jpg","Freesize","Kích thước","3.969.000đ"
"g8z1f","(Unknown)","Chăn ga gối Tencel Nicolas TN20015","Trang chủ
         
        
      >
        
          Chăn ga gối Singapore Tencel
        
        
      >
        
          Chăn ga gối Nicolas Tencel 7 món","https://demxanh.com/media/product/6922_15.jpg","Freesize","Kích thước","3.969.000đ"
"ms5p0i","(Unknown)","Chăn ga gối Tencel Nicolas TN20014","Trang chủ
         
        
      >
        
          Chăn ga gối Singapore Tencel
        
        
      >
        
          Chăn ga gối Nicolas Tencel 7 món","https://demxanh.com/media/product/6921_14_c.jpg,https://demxanh.com/media/product/6921_14_b.jpg,https://demxanh.com/media/product/6921_14_a.jpg,https://demxanh.com/media/product/6921_14_a.jpg","Freesize","Kích thước","3.969.000đ"
"or94a","(Unknown)","Chăn ga gối Tencel Nicolas TN20022","Trang chủ
         
        
      >
        
          Chăn ga gối Singapore Tencel
        
        
      >
        
          Chăn ga gối Nicolas Tencel 7 món","https://demxanh.com/media/product/6920_13_c.jpg,https://demxanh.com/media/product/6920_13_b.jpg,https://demxanh.com/media/product/6920_13_a.jpg,https://demxanh.com/media/product/6920_13_a.jpg","Freesize","Kích thước","3.969.000đ"
"tr076","Singapore","Chăn ga gối Singapore Tencel 7 món mã 67","Trang chủ
         
        
      >
        
          Chăn ga gối Singapore Tencel
        
        
      >
        
          Chăn ga gối Singapore Tencel 7 món","https://demxanh.com/media/product/6919_67.jpg","Freesize","Kích thước","3.969.000đ"
"bacg","Singapore","Chăn ga gối Singapore Tencel 7 món mã 63","Trang chủ
         
        
      >
        
          Chăn ga gối Singapore Tencel
        
        
      >
        
          Chăn ga gối Singapore Tencel 7 món","https://demxanh.com/media/product/6915_63.jpg","Freesize","Kích thước","3.969.000đ"
"67hfo","Singapore","Chăn ga gối Singapore Tencel 7 món mã 62","Trang chủ
         
        
      >
        
          Chăn ga gối Singapore Tencel
        
        
      >
        
          Chăn ga gối Singapore Tencel 7 món","https://demxanh.com/media/product/6913_62.jpg","Freesize","Kích thước","3.969.000đ"
"z4kl7","Singapore","Chăn ga gối Singapore Tencel 7 món mã 53","Trang chủ
         
        
      >
        
          Chăn ga gối Singapore Tencel
        
        
      >
        
          Chăn ga gối Singapore Tencel 7 món","https://demxanh.com/media/product/6903_53.jpg","Freesize","Kích thước","3.969.000đ"
"0fqnk","Singapore","Chăn ga gối Singapore Tencel 7 món mã 45","Trang chủ
         
        
      >
        
          Chăn ga gối Singapore Tencel
        
        
      >
        
          Chăn ga gối Singapore Tencel 7 món","https://demxanh.com/media/product/6855_chan_ga_goi_singapore_tencel_7_mon_45_m__u_xanh__5_.jpg,https://demxanh.com/media/product/6855_chan_ga_goi_singapore_tencel_7_mon_45_m__u_xanh__4_.jpg,https://demxanh.com/media/product/6855_chan_ga_goi_singapore_tencel_7_mon_45_m__u_xanh__3_.jpg,https://demxanh.com/media/product/6855_chan_ga_goi_singapore_tencel_7_mon_45_m__u_xanh__2_.jpg,https://demxanh.com/media/product/6855_chan_ga_goi_singapore_tencel_7_mon_45_m__u_xanh__1_.jpg,https://demxanh.com/media/product/6855_chan_ga_goi_singapore_tencel_7_mon_45_m__u_xanh__3_.jpg","Freesize","Kích thước","3.969.000đ"
"oy4ea","Singapore","Chăn ga gối Singapore Tencel 7 món mã 44","Trang chủ
         
        
      >
        
          Chăn ga gối Singapore Tencel
        
        
      >
        
          Chăn ga gối Singapore Tencel 7 món","https://demxanh.com/media/product/6854_chan_ga_goi_singapore_tencel_7_mon_44_m__u_xanh__5_.jpg,https://demxanh.com/media/product/6854_chan_ga_goi_singapore_tencel_7_mon_44_m__u_xanh__4_.jpg,https://demxanh.com/media/product/6854_chan_ga_goi_singapore_tencel_7_mon_44_m__u_xanh__3_.jpg,https://demxanh.com/media/product/6854_chan_ga_goi_singapore_tencel_7_mon_44_m__u_xanh__2_.jpg,https://demxanh.com/media/product/6854_chan_ga_goi_singapore_tencel_7_mon_44_m__u_xanh__1_.jpg,https://demxanh.com/media/product/6854_chan_ga_goi_singapore_tencel_7_mon_44_m__u_xanh__5_.jpg","Freesize","Kích thước","3.969.000đ"
"uzrt","Singapore","Chăn ga gối Lụa Tencel thêu 4 món TC4M 85","Trang chủ
         
        
      >
        
          Chăn ga gối không chần (mỏng)
        
        
      >
        
          Chăn ga gối Tencel không chần (mỏng)
        
        
      >
        
          Chăn ga gối lụa Tencel thêu 4 món","https://demxanh.com/media/product/6726_z2467683234109_f2bf801594d03a5df079d7b46e7e1557.jpg","Freesize","Kích thước","1.280.000đ"
"9mea7","Singapore","Chăn ga gối Lụa Tencel thêu 4 món TC4M 84","Trang chủ
         
        
      >
        
          Chăn ga gối không chần (mỏng)
        
        
      >
        
          Chăn ga gối Tencel không chần (mỏng)
        
        
      >
        
          Chăn ga gối lụa Tencel thêu 4 món","https://demxanh.com/media/product/6725_z2467683232729_1c8f8d14b3a64a4626ab6cc8624e8df1.jpg","Freesize","Kích thước","1.280.000đ"
"z9r7m","Singapore","Chăn ga gối Lụa Tencel thêu 4 món TC4M 83","Trang chủ
         
        
      >
        
          Chăn ga gối không chần (mỏng)
        
        
      >
        
          Chăn ga gối Tencel không chần (mỏng)
        
        
      >
        
          Chăn ga gối lụa Tencel thêu 4 món","https://demxanh.com/media/product/6724_z2467683230789_3f652d7956c6479f277f6b58235c08d0.jpg","Freesize","Kích thước","1.280.000đ"
"01f5k","Singapore","Chăn ga gối Lụa Tencel thêu 4 món TC4M 82","Trang chủ
         
        
      >
        
          Chăn ga gối không chần (mỏng)
        
        
      >
        
          Chăn ga gối Tencel không chần (mỏng)
        
        
      >
        
          Chăn ga gối lụa Tencel thêu 4 món","https://demxanh.com/media/product/6723_z2467683228766_a3e8f3f5b861170db4d95f724341a924.jpg","Freesize","Kích thước","1.280.000đ"
"261if","Singapore","Chăn ga gối Lụa Tencel thêu 4 món TC4M 81","Trang chủ
         
        
      >
        
          Chăn ga gối không chần (mỏng)
        
        
      >
        
          Chăn ga gối Tencel không chần (mỏng)
        
        
      >
        
          Chăn ga gối lụa Tencel thêu 4 món","https://demxanh.com/media/product/6722_z2467683226194_cbc08266b8f9c39240b9a4c15cf8c9d7.jpg","Freesize","Kích thước","1.280.000đ"
"8rk2h","Singapore","Chăn ga gối Lụa Tencel thêu 4 món TC4M 80","Trang chủ
         
        
      >
        
          Sản phẩm thanh lý","https://demxanh.com/media/product/6721_z2467683223159_d56605d92be3ce5299099b72e2e2b6dd.jpg","Freesize","Kích thước","1.280.000đ"
"0wp8a","Singapore","Chăn ga gối Lụa Tencel thêu 4 món TC4M 79","Trang chủ
         
        
      >
        
          Sản phẩm thanh lý","https://demxanh.com/media/product/6720_z2467683218969_63ffa37bf6bf020ed801f877330ea251.jpg","Freesize","Kích thước","1.280.000đ"
"v0gea","Singapore","Chăn ga gối Lụa Tencel thêu 4 món TC4M 77","Trang chủ
         
        
      >
        
          Chăn ga gối không chần (mỏng)
        
        
      >
        
          Chăn ga gối Tencel không chần (mỏng)
        
        
      >
        
          Chăn ga gối lụa Tencel thêu 4 món","https://demxanh.com/media/product/6718_z2467683212022_e3018cdb893043e04f54672f8dd645cd.jpg","Freesize","Kích thước","1.280.000đ"
"mzhsm","Singapore","Chăn ga gối Lụa Tencel thêu 4 món TC4M 75","Trang chủ
         
        
      >
        
          Sản phẩm thanh lý","https://demxanh.com/media/product/6355_chan_ga_goi_tencel__75_.jpg","Freesize","Kích thước","1.280.000đ"
"ucgh","Singapore","Chăn ga gối Lụa Tencel thêu 4 món TC4M 68","Trang chủ
         
        
      >
        
          Chăn ga gối không chần (mỏng)
        
        
      >
        
          Chăn ga gối Tencel không chần (mỏng)
        
        
      >
        
          Chăn ga gối lụa Tencel thêu 4 món","https://demxanh.com/media/product/6348_chan_ga_goi_tencel__68_.jpg","Freesize","Kích thước","1.280.000đ"
"5gebg","(Unknown)","Chăn ga gối Lụa Tencel thêu 4 món TC4M 65","Trang chủ
         
        
      >
        
          Chăn ga gối không chần (mỏng)
        
        
      >
        
          Chăn ga gối Tencel không chần (mỏng)
        
        
      >
        
          Chăn ga gối lụa Tencel thêu 4 món","https://demxanh.com/media/product/6132_chan_ga_goitencel_theu_65_.jpg","Freesize","Kích thước","1.280.000đ"
"grhac","(Unknown)","Chăn ga gối Lụa Tencel thêu 4 món TC4M 64","Trang chủ
         
        
      >
        
          Chăn ga gối không chần (mỏng)
        
        
      >
        
          Chăn ga gối Tencel không chần (mỏng)
        
        
      >
        
          Chăn ga gối lụa Tencel thêu 4 món","https://demxanh.com/media/product/6131_chan_ga_goitencel_theu_64_.jpg","Freesize","Kích thước","1.280.000đ"
"5aq7l","(Unknown)","Chăn ga gối Lụa Tencel thêu 4 món TC4M 61","Trang chủ
         
        
      >
        
          Sản phẩm thanh lý","https://demxanh.com/media/product/6128_chan_ga_goitencel_theu_61_.jpg","Freesize","Kích thước","1.280.000đ"
"uorkn","(Unknown)","Chăn ga gối Lụa Tencel thêu 4 món TC4M 60","Trang chủ
         
        
      >
        
          Chăn ga gối không chần (mỏng)
        
        
      >
        
          Chăn ga gối Tencel không chần (mỏng)
        
        
      >
        
          Chăn ga gối lụa Tencel thêu 4 món","https://demxanh.com/media/product/6127_chan_ga_goitencel_theu_60_.jpg","Freesize","Kích thước","1.280.000đ"
"2fmw","(Unknown)","Chăn ga gối Lụa Tencel thêu 4 món TC4M 57","Trang chủ
         
        
      >
        
          Chăn ga gối không chần (mỏng)
        
        
      >
        
          Chăn ga gối Tencel không chần (mỏng)
        
        
      >
        
          Chăn ga gối lụa Tencel thêu 4 món","https://demxanh.com/media/product/6124_chan_ga_goitencel_theu_57_.jpg","Freesize","Kích thước","1.280.000đ"
"872ypp","(Unknown)","Chăn ga gối Lụa Tencel thêu 4 món TC4M 55","Trang chủ
         
        
      >
        
          Sản phẩm thanh lý","https://demxanh.com/media/product/6122_chan_ga_goitencel_theu_55_.jpg","Freesize","Kích thước","1.280.000đ"
"zys7","(Unknown)","Chăn ga gối Lụa Tencel thêu 4 món TC4M 50","Trang chủ
         
        
      >
        
          Chăn ga gối không chần (mỏng)
        
        
      >
        
          Chăn ga gối Tencel không chần (mỏng)
        
        
      >
        
          Chăn ga gối lụa Tencel thêu 4 món","https://demxanh.com/media/product/6116_phi_l___a_4_m__n__266_.jpg","Freesize","Kích thước","1.280.000đ"
"wkbzk","(Unknown)","Chăn ga gối Lụa Tencel thêu 4 món TC4M 47","Trang chủ
         
        
      >
        
          Chăn ga gối không chần (mỏng)
        
        
      >
        
          Chăn ga gối Tencel không chần (mỏng)
        
        
      >
        
          Chăn ga gối lụa Tencel thêu 4 món","https://demxanh.com/media/product/6113_phi_l___a_4_m__n__181_.jpg,https://demxanh.com/media/product/6113_phi_l___a_4_m__n__180_.jpg,https://demxanh.com/media/product/6113_phi_l___a_4_m__n__179_.jpg,https://demxanh.com/media/product/6113_phi_l___a_4_m__n__178_.jpg,https://demxanh.com/media/product/6113_phi_l___a_4_m__n__177_.jpg,https://demxanh.com/media/product/6113_phi_l___a_4_m__n__176_.jpg,https://demxanh.com/media/product/6113_phi_l___a_4_m__n__175_.jpg,https://demxanh.com/media/product/6113_phi_l___a_4_m__n__174_.jpg,https://demxanh.com/media/product/6113_phi_l___a_4_m__n__180_.jpg","Freesize","Kích thước","1.280.000đ"
"af0i","(Unknown)","Chăn ga gối Lụa Tencel thêu 4 món TC4M 45","Trang chủ
         
        
      >
        
          Chăn ga gối không chần (mỏng)
        
        
      >
        
          Chăn ga gối Tencel không chần (mỏng)
        
        
      >
        
          Chăn ga gối lụa Tencel thêu 4 món","https://demxanh.com/media/product/6111_phi_l___a_4_m__n__254_.jpg,https://demxanh.com/media/product/6111_phi_l___a_4_m__n__173_.jpg,https://demxanh.com/media/product/6111_phi_l___a_4_m__n__172_.jpg,https://demxanh.com/media/product/6111_phi_l___a_4_m__n__171_.jpg,https://demxanh.com/media/product/6111_phi_l___a_4_m__n__170_.jpg,https://demxanh.com/media/product/6111_phi_l___a_4_m__n__169_.jpg,https://demxanh.com/media/product/6111_phi_l___a_4_m__n__168_.jpg,https://demxanh.com/media/product/6111_phi_l___a_4_m__n__167_.jpg,https://demxanh.com/media/product/6111_phi_l___a_4_m__n__166_.jpg,https://demxanh.com/media/product/6111_phi_l___a_4_m__n__165_.jpg,https://demxanh.com/media/product/6111_phi_l___a_4_m__n__254_.jpg","Freesize","Kích thước","1.280.000đ"
"i5a2","(Unknown)","Chăn ga gối Lụa Tencel thêu 4 món TC4M 44","Trang chủ
         
        
      >
        
          Chăn ga gối không chần (mỏng)
        
        
      >
        
          Chăn ga gối Tencel không chần (mỏng)
        
        
      >
        
          Chăn ga gối lụa Tencel thêu 4 món","https://demxanh.com/media/product/6110_phi_l___a_4_m__n__278_.jpg,https://demxanh.com/media/product/6110_phi_l___a_4_m__n__164_.jpg,https://demxanh.com/media/product/6110_phi_l___a_4_m__n__163_.jpg,https://demxanh.com/media/product/6110_phi_l___a_4_m__n__162_.jpg,https://demxanh.com/media/product/6110_phi_l___a_4_m__n__161_.jpg,https://demxanh.com/media/product/6110_phi_l___a_4_m__n__160_.jpg,https://demxanh.com/media/product/6110_phi_l___a_4_m__n__159_.jpg,https://demxanh.com/media/product/6110_phi_l___a_4_m__n__158_.jpg,https://demxanh.com/media/product/6110_phi_l___a_4_m__n__157_.jpg,https://demxanh.com/media/product/6110_phi_l___a_4_m__n__278_.jpg","Freesize","Kích thước","1.280.000đ"
"nnnis","(Unknown)","Chăn ga gối Lụa Tencel thêu 4 món TC4M 43","Trang chủ
         
        
      >
        
          Chăn ga gối không chần (mỏng)
        
        
      >
        
          Chăn ga gối Tencel không chần (mỏng)
        
        
      >
        
          Chăn ga gối lụa Tencel thêu 4 món","https://demxanh.com/media/product/6109_chan_ga_goitencel_theu_52_.jpg,https://demxanh.com/media/product/6109_phi_l___a_4_m__n__153_.jpg,https://demxanh.com/media/product/6109_phi_l___a_4_m__n__152_.jpg,https://demxanh.com/media/product/6109_phi_l___a_4_m__n__150_.jpg,https://demxanh.com/media/product/6109_phi_l___a_4_m__n__149_.jpg,https://demxanh.com/media/product/6109_phi_l___a_4_m__n__148_.jpg,https://demxanh.com/media/product/6109_phi_l___a_4_m__n__147_.jpg,https://demxanh.com/media/product/6109_phi_l___a_4_m__n__146_.jpg,https://demxanh.com/media/product/6109_chan_ga_goitencel_theu_52_.jpg","Freesize","Kích thước","1.280.000đ"
"wu3bl","(Unknown)","Chăn ga gối Lụa Tencel thêu 4 món TC4M 42","Trang chủ
         
        
      >
        
          Chăn ga gối không chần (mỏng)
        
        
      >
        
          Chăn ga gối Tencel không chần (mỏng)
        
        
      >
        
          Chăn ga gối lụa Tencel thêu 4 món","https://demxanh.com/media/product/6108_phi_l___a_4_m__n__274_.jpg,https://demxanh.com/media/product/6108_phi_l___a_4_m__n__156_.jpg,https://demxanh.com/media/product/6108_phi_l___a_4_m__n__155_.jpg,https://demxanh.com/media/product/6108_phi_l___a_4_m__n__154_.jpg,https://demxanh.com/media/product/6108_phi_l___a_4_m__n__151_.jpg,https://demxanh.com/media/product/6108_phi_l___a_4_m__n__145_.jpg,https://demxanh.com/media/product/6108_phi_l___a_4_m__n__144_.jpg,https://demxanh.com/media/product/6108_phi_l___a_4_m__n__143_.jpg,https://demxanh.com/media/product/6108_phi_l___a_4_m__n__98_.jpg,https://demxanh.com/media/product/6108_phi_l___a_4_m__n__274_.jpg","Freesize","Kích thước","1.280.000đ"
"p64sf","(Unknown)","Chăn ga gối Lụa Tencel thêu 4 món TC4M 41","Trang chủ
         
        
      >
        
          Chăn ga gối không chần (mỏng)
        
        
      >
        
          Chăn ga gối Tencel không chần (mỏng)
        
        
      >
        
          Chăn ga gối lụa Tencel thêu 4 món","https://demxanh.com/media/product/6107_phi_l___a_4_m__n__259_.jpg,https://demxanh.com/media/product/6107_phi_l___a_4_m__n__142_.jpg,https://demxanh.com/media/product/6107_phi_l___a_4_m__n__141_.jpg,https://demxanh.com/media/product/6107_phi_l___a_4_m__n__140_.jpg,https://demxanh.com/media/product/6107_phi_l___a_4_m__n__139_.jpg,https://demxanh.com/media/product/6107_phi_l___a_4_m__n__138_.jpg,https://demxanh.com/media/product/6107_phi_l___a_4_m__n__137_.jpg,https://demxanh.com/media/product/6107_phi_l___a_4_m__n__136_.jpg,https://demxanh.com/media/product/6107_phi_l___a_4_m__n__135_.jpg,https://demxanh.com/media/product/6107_phi_l___a_4_m__n__134_.jpg,https://demxanh.com/media/product/6107_phi_l___a_4_m__n__134_.jpg","Freesize","Kích thước","1.280.000đ"
"33td","(Unknown)","Chăn ga gối Lụa Tencel thêu 4 món TC4M 40","Trang chủ
         
        
      >
        
          Chăn ga gối không chần (mỏng)
        
        
      >
        
          Chăn ga gối Tencel không chần (mỏng)
        
        
      >
        
          Chăn ga gối lụa Tencel thêu 4 món","https://demxanh.com/media/product/6106_phi_l___a_4_m__n__90_.jpg,https://demxanh.com/media/product/6106_phi_l___a_4_m__n__88_.jpg,https://demxanh.com/media/product/6106_phi_l___a_4_m__n__87_.jpg,https://demxanh.com/media/product/6106_phi_l___a_4_m__n__86_.jpg,https://demxanh.com/media/product/6106_phi_l___a_4_m__n__85_.jpg,https://demxanh.com/media/product/6106_phi_l___a_4_m__n__84_.jpg,https://demxanh.com/media/product/6106_phi_l___a_4_m__n__83_.jpg,https://demxanh.com/media/product/6106_phi_l___a_4_m__n__82_.jpg,https://demxanh.com/media/product/6106_phi_l___a_4_m__n__82_.jpg","Freesize","Kích thước","1.280.000đ"
"kb59s","(Unknown)","Chăn ga gối Lụa Tencel thêu 4 món TC4M 39","Trang chủ
         
        
      >
        
          Chăn ga gối không chần (mỏng)
        
        
      >
        
          Chăn ga gối Tencel không chần (mỏng)
        
        
      >
        
          Chăn ga gối lụa Tencel thêu 4 món","https://demxanh.com/media/product/6105_phi_l___a_4_m__n__239_.jpg,https://demxanh.com/media/product/6105_phi_l___a_4_m__n__133_.jpg,https://demxanh.com/media/product/6105_phi_l___a_4_m__n__132_.jpg,https://demxanh.com/media/product/6105_phi_l___a_4_m__n__131_.jpg,https://demxanh.com/media/product/6105_phi_l___a_4_m__n__130_.jpg,https://demxanh.com/media/product/6105_phi_l___a_4_m__n__129_.jpg,https://demxanh.com/media/product/6105_phi_l___a_4_m__n__128_.jpg,https://demxanh.com/media/product/6105_phi_l___a_4_m__n__127_.jpg,https://demxanh.com/media/product/6105_phi_l___a_4_m__n__126_.jpg,https://demxanh.com/media/product/6105_phi_l___a_4_m__n__125_.jpg,https://demxanh.com/media/product/6105_phi_l___a_4_m__n__125_.jpg","Freesize","Kích thước","1.280.000đ"
"x8z4i","(Unknown)","Chăn ga gối Lụa Tencel thêu 4 món TC4M 38","Trang chủ
         
        
      >
        
          Chăn ga gối không chần (mỏng)
        
        
      >
        
          Chăn ga gối Tencel không chần (mỏng)
        
        
      >
        
          Chăn ga gối lụa Tencel thêu 4 món","https://demxanh.com/media/product/6104_phi_l___a_4_m__n__253_.jpg,https://demxanh.com/media/product/6104_phi_l___a_4_m__n__242_.jpg,https://demxanh.com/media/product/6104_phi_l___a_4_m__n__124_.jpg,https://demxanh.com/media/product/6104_phi_l___a_4_m__n__123_.jpg,https://demxanh.com/media/product/6104_phi_l___a_4_m__n__59_.jpg,https://demxanh.com/media/product/6104_phi_l___a_4_m__n__58_.jpg,https://demxanh.com/media/product/6104_phi_l___a_4_m__n__57_.jpg,https://demxanh.com/media/product/6104_phi_l___a_4_m__n__56_.jpg,https://demxanh.com/media/product/6104_phi_l___a_4_m__n__54_.jpg,https://demxanh.com/media/product/6104_phi_l___a_4_m__n__53_.jpg,https://demxanh.com/media/product/6104_phi_l___a_4_m__n__242_.jpg","Freesize","Kích thước","1.280.000đ"
"qvqf","(Unknown)","Chăn ga gối Lụa Tencel thêu 4 món TC4M 33","Trang chủ
         
        
      >
        
          Chăn ga gối không chần (mỏng)
        
        
      >
        
          Chăn ga gối Tencel không chần (mỏng)
        
        
      >
        
          Chăn ga gối lụa Tencel thêu 4 món","https://demxanh.com/media/product/6098_phi_l___a_4_m__n__22_.jpg,https://demxanh.com/media/product/6098_phi_l___a_4_m__n__20_.jpg,https://demxanh.com/media/product/6098_phi_l___a_4_m__n__19_.jpg,https://demxanh.com/media/product/6098_phi_l___a_4_m__n__18_.jpg,https://demxanh.com/media/product/6098_phi_l___a_4_m__n__17_.jpg,https://demxanh.com/media/product/6098_phi_l___a_4_m__n__15_.jpg,https://demxanh.com/media/product/6098_phi_l___a_4_m__n__19_.jpg","Freesize","Kích thước","1.280.000đ"
"yrkve","(Unknown)","Chăn ga gối Lụa Tencel thêu 4 món TC4M 32","Trang chủ
         
        
      >
        
          Chăn ga gối không chần (mỏng)
        
        
      >
        
          Chăn ga gối Tencel không chần (mỏng)
        
        
      >
        
          Chăn ga gối lụa Tencel thêu 4 món","https://demxanh.com/media/product/6097_phi_l___a_4_m__n__65_.jpg,https://demxanh.com/media/product/6097_phi_l___a_4_m__n__46_.jpg,https://demxanh.com/media/product/6097_phi_l___a_4_m__n__44_.jpg,https://demxanh.com/media/product/6097_phi_l___a_4_m__n__43_.jpg,https://demxanh.com/media/product/6097_phi_l___a_4_m__n__42_.jpg,https://demxanh.com/media/product/6097_phi_l___a_4_m__n__40_.jpg,https://demxanh.com/media/product/6097_phi_l___a_4_m__n__65_.jpg","Freesize","Kích thước","1.280.000đ"
"hn5z","(Unknown)","Chăn ga gối Lụa Tencel thêu 4 món TC4M 29","Trang chủ
         
        
      >
        
          Chăn ga gối không chần (mỏng)
        
        
      >
        
          Chăn ga gối Tencel không chần (mỏng)
        
        
      >
        
          Chăn ga gối lụa Tencel thêu 4 món","https://demxanh.com/media/product/6094_phi_l___a_4_m__n__279_.png,https://demxanh.com/media/product/6094_phi_l___a_4_m__n__73_.png,https://demxanh.com/media/product/6094_phi_l___a_4_m__n__72_.png,https://demxanh.com/media/product/6094_phi_l___a_4_m__n__71_.png,https://demxanh.com/media/product/6094_phi_l___a_4_m__n__70_.png,https://demxanh.com/media/product/6094_phi_l___a_4_m__n__69_.png,https://demxanh.com/media/product/6094_phi_l___a_4_m__n__68_.png,https://demxanh.com/media/product/6094_phi_l___a_4_m__n__55_.png,https://demxanh.com/media/product/6094_phi_l___a_4_m__n__55_.png","Freesize","Kích thước","1.280.000đ"
"8982","(Unknown)","Chăn ga gối Lụa Tencel thêu 4 món TC4M 28","Trang chủ
         
        
      >
        
          Chăn ga gối không chần (mỏng)
        
        
      >
        
          Chăn ga gối Tencel không chần (mỏng)
        
        
      >
        
          Chăn ga gối lụa Tencel thêu 4 món","https://demxanh.com/media/product/6093_phi_l___a_4_m__n__265_.png,https://demxanh.com/media/product/6093_phi_l___a_4_m__n__66_.png,https://demxanh.com/media/product/6093_phi_l___a_4_m__n__41_.png,https://demxanh.com/media/product/6093_phi_l___a_4_m__n__39_.png,https://demxanh.com/media/product/6093_phi_l___a_4_m__n__38_.png,https://demxanh.com/media/product/6093_phi_l___a_4_m__n__37_.png,https://demxanh.com/media/product/6093_phi_l___a_4_m__n__35_.png,https://demxanh.com/media/product/6093_phi_l___a_4_m__n__16_.png,https://demxanh.com/media/product/6093_phi_l___a_4_m__n__35_.png","Freesize","Kích thước","1.280.000đ"
"pq2uu","(Unknown)","Chăn ga gối Lụa Tencel thêu 4 món TC4M 25","Trang chủ
         
        
      >
        
          Chăn ga gối không chần (mỏng)
        
        
      >
        
          Chăn ga gối Tencel không chần (mỏng)
        
        
      >
        
          Chăn ga gối lụa Tencel thêu 4 món","https://demxanh.com/media/product/6090_phi_l___a_4_m__n__264_.png,https://demxanh.com/media/product/6090_phi_l___a_4_m__n__63_.png,https://demxanh.com/media/product/6090_phi_l___a_4_m__n__30_.png,https://demxanh.com/media/product/6090_phi_l___a_4_m__n__29_.png,https://demxanh.com/media/product/6090_phi_l___a_4_m__n__28_.png,https://demxanh.com/media/product/6090_phi_l___a_4_m__n__27_.png,https://demxanh.com/media/product/6090_phi_l___a_4_m__n__26_.png,https://demxanh.com/media/product/6090_phi_l___a_4_m__n__24_.png,https://demxanh.com/media/product/6090_phi_l___a_4_m__n__23_.png,https://demxanh.com/media/product/6090_phi_l___a_4_m__n__7_.png,https://demxanh.com/media/product/6090_phi_l___a_4_m__n__24_.png","Freesize","Kích thước","1.280.000đ"
"d6j6c","(Unknown)","Chăn ga gối Lụa Tencel thêu 4 món TC4M 24","Trang chủ
         
        
      >
        
          Chăn ga gối không chần (mỏng)
        
        
      >
        
          Chăn ga gối Tencel không chần (mỏng)
        
        
      >
        
          Chăn ga gối lụa Tencel thêu 4 món","https://demxanh.com/media/product/6089_phi_l___a_4_m__n__14_.png,https://demxanh.com/media/product/6089_phi_l___a_4_m__n__13_.png,https://demxanh.com/media/product/6089_phi_l___a_4_m__n__12_.png,https://demxanh.com/media/product/6089_phi_l___a_4_m__n__11_.png,https://demxanh.com/media/product/6089_phi_l___a_4_m__n__10_.png,https://demxanh.com/media/product/6089_phi_l___a_4_m__n__9_.png,https://demxanh.com/media/product/6089_phi_l___a_4_m__n__8_.png,https://demxanh.com/media/product/6089_phi_l___a_4_m__n__6_.png,https://demxanh.com/media/product/6089_phi_l___a_4_m__n__11_.png","Freesize","Kích thước","1.280.000đ"
"pbiqv","(Unknown)","Chăn ga gối Lụa Tencel thêu 4 món TC4M 23","Trang chủ
         
        
      >
        
          Chăn ga gối không chần (mỏng)
        
        
      >
        
          Chăn ga gối Tencel không chần (mỏng)
        
        
      >
        
          Chăn ga gối lụa Tencel thêu 4 món","https://demxanh.com/media/product/6088_phi_l___a_4_m__n__269_.png,https://demxanh.com/media/product/6088_phi_l___a_4_m__n__67_.png,https://demxanh.com/media/product/6088_phi_l___a_4_m__n__62_.png,https://demxanh.com/media/product/6088_phi_l___a_4_m__n__61_.png,https://demxanh.com/media/product/6088_phi_l___a_4_m__n__52_.png,https://demxanh.com/media/product/6088_phi_l___a_4_m__n__51_.png,https://demxanh.com/media/product/6088_phi_l___a_4_m__n__50_.png,https://demxanh.com/media/product/6088_phi_l___a_4_m__n__49_.png,https://demxanh.com/media/product/6088_phi_l___a_4_m__n__48_.png,https://demxanh.com/media/product/6088_phi_l___a_4_m__n__47_.png,https://demxanh.com/media/product/6088_phi_l___a_4_m__n__45_.png,https://demxanh.com/media/product/6088_phi_l___a_4_m__n__45_.png","Freesize","Kích thước","1.280.000đ"
"lyov9","(Unknown)","Chăn ga gối Tencel Nicolas TN20013","Trang chủ
         
        
      >
        
          Chăn ga gối Singapore Tencel
        
        
      >
        
          Chăn ga gối Nicolas Tencel 7 món","https://demxanh.com/media/product/6073_chan_ga_goi_nicolas_xanh_nhat.png","Freesize","Kích thước","3.969.000đ"
"g87e","(Unknown)","Chăn ga gối Tencel Nicolas TN20012","Trang chủ
         
        
      >
        
          Chăn ga gối Singapore Tencel
        
        
      >
        
          Chăn ga gối Nicolas Tencel 7 món","https://demxanh.com/media/product/6072_chan_ga_goi_nicolas_xanh.png","Freesize","Kích thước","3.969.000đ"
"oopod","(Unknown)","Chăn ga gối Tencel Nicolas TN20011","Trang chủ
         
        
      >
        
          Chăn ga gối Singapore Tencel
        
        
      >
        
          Chăn ga gối Nicolas Tencel 7 món","https://demxanh.com/media/product/5888_ch__n_ga_g___i_tencel_nicolas_tn20011.png","Free size","Kích thước","3.969.000đ"
"rj9rn","(Unknown)","Chăn ga gối Tencel Nicolas TN20010","Trang chủ
         
        
      >
        
          Chăn ga gối Singapore Tencel
        
        
      >
        
          Chăn ga gối Nicolas Tencel 7 món","https://demxanh.com/media/product/5887_ch__n_ga_g___i_tencel_nicolas_tn20010.png","Free size","Kích thước","3.969.000đ"
"5ugr7","(Unknown)","Chăn ga gối Tencel Nicolas TN2009","Trang chủ
         
        
      >
        
          Chăn ga gối Singapore Tencel
        
        
      >
        
          Chăn ga gối Nicolas Tencel 7 món","https://demxanh.com/media/product/5886_ch__n_ga_g___i_tencel_nicolas_tn2009.png","Free size","Kích thước","3.969.000đ"
"739e9","(Unknown)","Chăn ga gối Tencel Nicolas TN2008","Trang chủ
         
        
      >
        
          Chăn ga gối Singapore Tencel
        
        
      >
        
          Chăn ga gối Nicolas Tencel 7 món","https://demxanh.com/media/product/5885_ch__n_ga_g___i_tencel_nicolas_tn2008.png","Free size","Kích thước","3.969.000đ"
"3bftt","(Unknown)","Chăn ga gối Tencel Nicolas TN2007","Trang chủ
         
        
      >
        
          Chăn ga gối Singapore Tencel
        
        
      >
        
          Chăn ga gối Nicolas Tencel 7 món","https://demxanh.com/media/product/5884_ch__n_ga_g___i_tencel_nicolas_tn2007.png","Free size","Kích thước","3.969.000đ"
"tiob","(Unknown)","Chăn ga gối Tencel Nicolas TN2006","Trang chủ
         
        
      >
        
          Chăn ga gối Singapore Tencel
        
        
      >
        
          Chăn ga gối Nicolas Tencel 7 món","https://demxanh.com/media/product/5883_ch__n_ga_g___i_tencel_nicolas_tn2006.png","Free size","Kích thước","3.969.000đ"
"cglmt","(Unknown)","Chăn ga gối Tencel Nicolas TN2005","Trang chủ
         
        
      >
        
          Chăn ga gối Singapore Tencel
        
        
      >
        
          Chăn ga gối Nicolas Tencel 7 món","https://demxanh.com/media/product/5882_ch__n_ga_g___i_tencel_nicolas_tn2005.png","Free size","Kích thước","3.969.000đ"
"1xrhs","(Unknown)","Chăn ga gối Tencel Nicolas TN2004","Trang chủ
         
        
      >
        
          Chăn ga gối Singapore Tencel
        
        
      >
        
          Chăn ga gối Nicolas Tencel 7 món","https://demxanh.com/media/product/5881_ch__n_ga_g___i_tencel_nicolas_tn2004.png","Free size","Kích thước","3.969.000đ"
"16qu","(Unknown)","Chăn ga gối Tencel Nicolas TN2003","Trang chủ
         
        
      >
        
          Chăn ga gối Singapore Tencel
        
        
      >
        
          Chăn ga gối Nicolas Tencel 7 món","https://demxanh.com/media/product/5880_ch__n_ga_g___i_tencel_nicolas_tn2003.png","Free size","Kích thước","3.969.000đ"
"wmxfm","(Unknown)","Chăn ga gối Tencel Nicolas TN2002","Trang chủ
         
        
      >
        
          Chăn ga gối Singapore Tencel
        
        
      >
        
          Chăn ga gối Nicolas Tencel 7 món","https://demxanh.com/media/product/5879_ch__n_ga_g___i_tencel_nicolas_tn2002.png","Free size","Kích thước","3.969.000đ"
"l3zwj","(Unknown)","Chăn ga gối Tencel Nicolas TN2001","Trang chủ
         
        
      >
        
          Chăn ga gối Singapore Tencel
        
        
      >
        
          Chăn ga gối Nicolas Tencel 7 món","https://demxanh.com/media/product/5878_ch__n_ga_g___i_tencel_nicolas_tn2001.png","Free size","Kích thước","3.969.000đ"
"x5dp","(Unknown)","Chăn ga gối Lụa Tencel thêu 4 món TC4M 22","Trang chủ
         
        
      >
        
          Chăn ga gối không chần (mỏng)
        
        
      >
        
          Chăn ga gối Tencel không chần (mỏng)
        
        
      >
        
          Chăn ga gối lụa Tencel thêu 4 món","https://demxanh.com/media/product/5334_chan_ga_goi_lua_theu_4_mon__22_.jpg","Free size","Kích thước","1.280.000đ"
"fer8l","(Unknown)","Chăn ga gối Lụa Tencel thêu 4 món TC4M 20","Trang chủ
         
        
      >
        
          Chăn ga gối không chần (mỏng)
        
        
      >
        
          Chăn ga gối Tencel không chần (mỏng)
        
        
      >
        
          Chăn ga gối lụa Tencel thêu 4 món","https://demxanh.com/media/product/5332_chan_ga_goi_lua_theu_4_mon__20_.jpg","Free size","Kích thước","1.280.000đ"
"gg8d5","(Unknown)","Chăn ga gối Lụa Tencel thêu 4 món TC4M 18","Trang chủ
         
        
      >
        
          Chăn ga gối không chần (mỏng)
        
        
      >
        
          Chăn ga gối Tencel không chần (mỏng)
        
        
      >
        
          Chăn ga gối lụa Tencel thêu 4 món","https://demxanh.com/media/product/5330_chan_ga_goi_lua_theu_4_mon__18_.jpg","Free size","Kích thước","1.280.000đ"
"1jlgl","(Unknown)","Chăn ga gối Lụa Tencel thêu 4 món TC4M 17","Trang chủ
         
        
      >
        
          Chăn ga gối không chần (mỏng)
        
        
      >
        
          Chăn ga gối Tencel không chần (mỏng)
        
        
      >
        
          Chăn ga gối lụa Tencel thêu 4 món","https://demxanh.com/media/product/5329_chan_ga_goi_lua_theu_4_mon__17_.jpg","Free size","Kích thước","1.280.000đ"
"8o3x","(Unknown)","Chăn ga gối Lụa Tencel thêu 4 món TC4M 16","Trang chủ
         
        
      >
        
          Chăn ga gối không chần (mỏng)
        
        
      >
        
          Chăn ga gối Tencel không chần (mỏng)
        
        
      >
        
          Chăn ga gối lụa Tencel thêu 4 món","https://demxanh.com/media/product/5328_chan_ga_goi_lua_theu_4_mon__16_.jpg","Free size","Kích thước","1.280.000đ"
"ra5yp","Singapore","Chăn ga gối Singapore Tencel 7 món mã 39","Trang chủ
         
        
      >
        
          Chăn ga gối Singapore Tencel
        
        
      >
        
          Chăn ga gối Singapore Tencel 7 món","https://demxanh.com/media/product/4956_4956_chan_ga_goi_singapore_tencel_7m___39_.jpg,https://demxanh.com/media/product/4956_chan_ga_goi_singapore_tencel_7m___39_.png,https://demxanh.com/media/product/4956_4956_chan_ga_goi_singapore_tencel_7m___39_.jpg","Free size","Kích thước","3.969.000đ"
"ycbpp","(Unknown)","Chăn ga gối Lụa Tencel thêu 4 món TC4M 05","Trang chủ
         
        
      >
        
          Chăn ga gối không chần (mỏng)
        
        
      >
        
          Chăn ga gối Tencel không chần (mỏng)
        
        
      >
        
          Chăn ga gối lụa Tencel thêu 4 món","https://demxanh.com/media/product/3741_chan_ga_goi_lua_tencel_tc4m05__2_.png,https://demxanh.com/media/product/3741_chan_ga_goi_lua_tencel_tc4m05__3_.png,https://demxanh.com/media/product/3741_3741_chan_ga_goi_lua_tencel_tc4m05__1_.jpg,https://demxanh.com/media/product/3741_chan_ga_goi_lua_tencel_tc4m05__7_.png,https://demxanh.com/media/product/3741_chan_ga_goi_lua_tencel_tc4m05__6_.png,https://demxanh.com/media/product/3741_chan_ga_goi_lua_tencel_tc4m05__5_.png,https://demxanh.com/media/product/3741_chan_ga_goi_lua_tencel_tc4m05__4_.png,https://demxanh.com/media/product/3741_chan_ga_goi_lua_tencel_tc4m05__1_.png,https://demxanh.com/media/product/3741_3741_chan_ga_goi_lua_tencel_tc4m05__1_.jpg","freesize","Kích thước","1.280.000đ"
"af5e3","(Unknown)","Chăn ga gối Lụa Tencel thêu 4 món TC4M 04","Trang chủ
         
        
      >
        
          Chăn ga gối Singapore Tencel
        
        
      >
        
          Chăn ga gối Singapore Lụa Tencel thêu 4 món","https://demxanh.com/media/product/3740_chan_ga_goi_tencel_tc4m04__3_.png,https://demxanh.com/media/product/3740_chan_ga_goi_tencel_tc4m04__7_.png,https://demxanh.com/media/product/3740_3740_chan_ga_goi_tencel_tc4m04__1_.jpg,https://demxanh.com/media/product/3740_3740_chan_ga_goi_tencel_tc4m04__1_.jpg,https://demxanh.com/media/product/3740_chan_ga_goi_tencel_tc4m04__9_.png,https://demxanh.com/media/product/3740_chan_ga_goi_tencel_tc4m04__8_.png,https://demxanh.com/media/product/3740_chan_ga_goi_tencel_tc4m04__6_.png,https://demxanh.com/media/product/3740_chan_ga_goi_tencel_tc4m04__5_.png,https://demxanh.com/media/product/3740_chan_ga_goi_tencel_tc4m04__4_.png,https://demxanh.com/media/product/3740_chan_ga_goi_tencel_tc4m04__2_.png,https://demxanh.com/media/product/3740_chan_ga_goi_tencel_tc4m04__1_.png,https://demxanh.com/media/product/3740_3740_chan_ga_goi_tencel_tc4m04__1_.jpg","freesize","Kích thước","1.280.000đ"
"chz3g","(Unknown)","Chăn ga gối Lụa Tencel thêu 4 món TC4M 03","Trang chủ
         
        
      >
        
          Chăn ga gối không chần (mỏng)
        
        
      >
        
          Chăn ga gối Tencel không chần (mỏng)
        
        
      >
        
          Chăn ga gối lụa Tencel thêu 4 món","https://demxanh.com/media/product/3739_chan_ga_goi_tencel_4_mon_tc4m03__3_.png,https://demxanh.com/media/product/3739_chan_ga_goi_tencel_4_mon_tc4m03__4_.png,https://demxanh.com/media/product/3739_chan_ga_goi_tencel_4_mon_tc4m03__8_.png,https://demxanh.com/media/product/3739_chan_ga_goi_tencel_4_mon_tc4m03__7_.png,https://demxanh.com/media/product/3739_chan_ga_goi_tencel_4_mon_tc4m03__6_.png,https://demxanh.com/media/product/3739_chan_ga_goi_tencel_4_mon_tc4m03__5_.png,https://demxanh.com/media/product/3739_chan_ga_goi_tencel_4_mon_tc4m03__2_.png,https://demxanh.com/media/product/3739_chan_ga_goi_tencel_4_mon_tc4m03__1_.png,https://demxanh.com/media/product/3739_chan_ga_goi_tencel_4_mon_tc4m03__1_.png","freesize","Kích thước","1.280.000đ"
"u064f","(Unknown)","Chăn ga gối Lụa Tencel thêu 4 món TC4M 02","Trang chủ
         
        
      >
        
          Chăn ga gối Singapore Tencel
        
        
      >
        
          Chăn ga gối Singapore Lụa Tencel thêu 4 món","https://demxanh.com/media/product/3738_chan_ga_goi_lua_tencel_4_mon_tc4m02__6_.png,https://demxanh.com/media/product/3738_chan_ga_goi_lua_tencel_4_mon_tc4m02__5_.png,https://demxanh.com/media/product/3738_chan_ga_goi_lua_tencel_4_mon_tc4m02__4_.png,https://demxanh.com/media/product/3738_chan_ga_goi_lua_tencel_4_mon_tc4m02__3_.png,https://demxanh.com/media/product/3738_chan_ga_goi_lua_tencel_4_mon_tc4m02__2_.png,https://demxanh.com/media/product/3738_chan_ga_goi_lua_tencel_4_mon_tc4m02__1_.png,https://demxanh.com/media/product/3738_chan_ga_goi_lua_tencel_4_mon_tc4m02__1_.png","freesize","Kích thước","1.280.000đ"
"5dlh","(Unknown)","Chăn ga gối Lụa Tencel thêu 4 món TC4M 01","Trang chủ
         
        
      >
        
          Chăn ga gối không chần (mỏng)
        
        
      >
        
          Chăn ga gối Tencel không chần (mỏng)
        
        
      >
        
          Chăn ga gối lụa Tencel thêu 4 món","https://demxanh.com/media/product/3737_chan_ga_goi_lua_tencel_4_mon_tc4m_01_3_.png,https://demxanh.com/media/product/3737_chan_ga_goi_lua_tencel_4_mon_tc4m_01_5_.png,https://demxanh.com/media/product/3737_3737_chan_ga_goi_lua_tencel_4_mon_tc4m_01_1_.jpg,https://demxanh.com/media/product/3737_chan_ga_goi_lua_tencel_4_mon_tc4m_01_8_.png,https://demxanh.com/media/product/3737_chan_ga_goi_lua_tencel_4_mon_tc4m_01_7_.png,https://demxanh.com/media/product/3737_chan_ga_goi_lua_tencel_4_mon_tc4m_01_6_.png,https://demxanh.com/media/product/3737_chan_ga_goi_lua_tencel_4_mon_tc4m_01_4_.png,https://demxanh.com/media/product/3737_chan_ga_goi_lua_tencel_4_mon_tc4m_01_2_.png,https://demxanh.com/media/product/3737_chan_ga_goi_lua_tencel_4_mon_tc4m_01_1_.png,https://demxanh.com/media/product/3737_3737_chan_ga_goi_lua_tencel_4_mon_tc4m_01_1_.jpg","freesize","Kích thước","1.280.000đ"