"id","sku","name","breadcrumb","images","regular_price"
"2jgbs","(Unknown)","Mã hàng (SKU): rth","Rèm cửa sổ","","850.000₫"
"5rw5w","(Unknown)","Mã hàng (SKU): rth","Rèm cửa sổ","","850.000₫"
"4qua","(Unknown)","Mã hàng (SKU): rccnn-1-1","Rèm cửa sổ","","850.000₫"
"3z924","(Unknown)","Mã hàng (SKU): rccnn-1-1","Rèm cửa sổ","","850.000₫"
"91oi8","(Unknown)","Mã hàng (SKU): rsn10","Rèm Sáo Nhôm","","850.000₫"
"f2w4","(Unknown)","Mã hàng (SKU): rsn10","Rèm Sáo Nhôm","","850.000₫"
"fcdq4","(Unknown)","Mã hàng (SKU): rcv03","Rèm lá Dọc","","850.000₫"
"88vpt","(Unknown)","Mã hàng (SKU): rcv03","Rèm lá Dọc","","850.000₫"
"1dbd","(Unknown)","Mã hàng (SKU): rcdh-5","Rèm cửa sổ","","850.000₫"
"ng9mf","(Unknown)","Mã hàng (SKU): rcdh-5","Rèm cửa sổ","","850.000₫"
"tzk6q","(Unknown)","Mã hàng (SKU): rrm12","Rèm Roman","","1.350.000₫"
"4w31h","(Unknown)","Mã hàng (SKU): rrm12","Rèm Roman","","1.350.000₫"
"imlkl","(Unknown)","Mã hàng (SKU): mcv27","Rèm cầu vồng","","850.000₫"
"ahkpo","(Unknown)","Mã hàng (SKU): mcv27","Rèm cầu vồng","","850.000₫"
"wm8s","(Unknown)","Mã hàng (SKU): mcv28","Rèm cầu vồng","","850.000₫"
"fw3h","(Unknown)","Mã hàng (SKU): mcv28","Rèm cầu vồng","","850.000₫"
"rzk4k","(Unknown)","Mã hàng (SKU): mcv07","Rèm cầu vồng","","850.000₫"
"q38g","(Unknown)","Mã hàng (SKU): mcv07","Rèm cầu vồng","","850.000₫"
"3h4h","(Unknown)","Mã hàng (SKU): mcv36","Rèm cầu vồng","","850.000₫"
"aueo","(Unknown)","Mã hàng (SKU): mcv36","Rèm cầu vồng","","850.000₫"
"cryqq","(Unknown)","Mã hàng (SKU): mcv32","Rèm cầu vồng","","850.000₫"
"tqrj9","(Unknown)","Mã hàng (SKU): mcv32","Rèm cầu vồng","","850.000₫"
"x3ag6","(Unknown)","Mã hàng (SKU): rcc1","Rèm cuốn","","850.000₫"
"ukum","(Unknown)","Mã hàng (SKU): rcc1","Rèm cuốn","","850.000₫"
"jrv9","(Unknown)","Mã hàng (SKU): rc12","Rèm cuốn","","850.000₫"
"6rxl","(Unknown)","Mã hàng (SKU): rc12","Rèm cuốn","","850.000₫"
"007","(Unknown)","Mã hàng (SKU): rc11","Rèm cuốn","","850.000₫"
"8nwv","(Unknown)","Mã hàng (SKU): rc11","Rèm cuốn","","850.000₫"
"ogx0m","(Unknown)","Mã hàng (SKU): rc13","Rèm cuốn","","850.000₫"
"itfri","(Unknown)","Mã hàng (SKU): rc13","Rèm cuốn","","850.000₫"
"nyukd","(Unknown)","Mã hàng (SKU): rrm01","Rèm Roman","","1.350.000₫"
"rukvp","(Unknown)","Mã hàng (SKU): rrm01","Rèm Roman","","1.350.000₫"
"em2gm","(Unknown)","Mã hàng (SKU): rrm14","Rèm Roman","","1.350.000₫"
"0862g","(Unknown)","Mã hàng (SKU): rrm14","Rèm Roman","","1.350.000₫"
"oh9gxh","(Unknown)","Mã hàng (SKU): msn06","Rèm Sáo Nhôm","","850.000₫"
"99ng","(Unknown)","Mã hàng (SKU): msn06","Rèm Sáo Nhôm","","850.000₫"
"t5a1k","(Unknown)","Mã hàng (SKU): msn03","Rèm Sáo Nhôm","","850.000₫"
"lo89o","(Unknown)","Mã hàng (SKU): msn03","Rèm Sáo Nhôm","","850.000₫"
"y1kcu","(Unknown)","Mã hàng (SKU): rcv20","Rèm lá Dọc","","850.000₫"
"hkuef","(Unknown)","Mã hàng (SKU): rcv20","Rèm lá Dọc","","850.000₫"
"2omei","(Unknown)","Mã hàng (SKU): rcv01","Rèm lá Dọc","","850.000₫"
"gdykb","(Unknown)","Mã hàng (SKU): rcv01","Rèm lá Dọc","","850.000₫"
"82fx7","(Unknown)","Mã hàng (SKU): rcv05","Rèm lá Dọc","","850.000₫"
"7r4vc","(Unknown)","Mã hàng (SKU): rcv05","Rèm lá Dọc","","850.000₫"
"cxtjp","(Unknown)","Mã hàng (SKU): msn02","Rèm Sáo Nhôm","","850.000₫"
"p0kc7","(Unknown)","Mã hàng (SKU): msn02","Rèm Sáo Nhôm","","850.000₫"
"lysp","(Unknown)","Mã hàng (SKU): rsn13","Rèm Sáo Nhôm","","850.000₫"
"si7r4","(Unknown)","Mã hàng (SKU): rsn13","Rèm Sáo Nhôm","","850.000₫"
"w8tg8","(Unknown)","Mã hàng (SKU): rrm16","Rèm Roman","","1.350.000₫"
"rjv2v","(Unknown)","Mã hàng (SKU): rrm16","Rèm Roman","","1.350.000₫"
"g40l","(Unknown)","Mã hàng (SKU): rrm07","Rèm Roman","","1.350.000₫"
"xjuh","(Unknown)","Mã hàng (SKU): rrm07","Rèm Roman","","1.350.000₫"
"m2zb8","(Unknown)","Mã hàng (SKU): rrm17","Rèm Roman","","1.350.000₫"
"oh4j","(Unknown)","Mã hàng (SKU): rrm17","Rèm Roman","","1.350.000₫"
"qwso4","(Unknown)","Mã hàng (SKU): rrm04","Rèm Roman","","1.350.000₫"
"7q05e","(Unknown)","Mã hàng (SKU): rrm04","Rèm Roman","","1.350.000₫"
"0zr57","(Unknown)","Mã hàng (SKU): rsn06","Rèm Sáo Nhôm","","850.000₫"
"ngs5n","(Unknown)","Mã hàng (SKU): rsn06","Rèm Sáo Nhôm","","850.000₫"
"87o2j","(Unknown)","Mã hàng (SKU): rsn16","Rèm Sáo Nhôm","","850.000₫"
"j7ep6","(Unknown)","Mã hàng (SKU): rsn16","Rèm Sáo Nhôm","","850.000₫"
"bvo8","(Unknown)","Mã hàng (SKU): rv46","Rèm vải","","1.350.000₫"
"rrh78","(Unknown)","Mã hàng (SKU): rv46","Rèm vải","","1.350.000₫"
"lpnhq","(Unknown)","Mã hàng (SKU): rv31","Rèm vải","","1.350.000₫"
"y7vpp","(Unknown)","Mã hàng (SKU): rv31","Rèm vải","","1.350.000₫"
"1tfnr","(Unknown)","Mã hàng (SKU): rv32","Rèm vải","","1.350.000₫"
"u415l","(Unknown)","Mã hàng (SKU): rv32","Rèm vải","","1.350.000₫"
"ponrp","(Unknown)","Mã hàng (SKU): rv13","Rèm vải","","1.350.000₫"
"v9tug","(Unknown)","Mã hàng (SKU): rv13","Rèm vải","","1.350.000₫"
"qmu9c","(Unknown)","Mã hàng (SKU): rv36","Rèm vải","","1.350.000₫"
"yfgg4","(Unknown)","Mã hàng (SKU): rv36","Rèm vải","","1.350.000₫"
"bya7ic","(Unknown)","Mã hàng (SKU): rv25","Rèm vải","","1.350.000₫"
"3oaf","(Unknown)","Mã hàng (SKU): rv25","Rèm vải","","1.350.000₫"
"bqcyq","(Unknown)","Mã hàng (SKU): rv14","Rèm vải","","1.350.000₫"
"xyhgq","(Unknown)","Mã hàng (SKU): rv14","Rèm vải","","1.350.000₫"
"8k2sh","(Unknown)","Mã hàng (SKU): rv33","Rèm vải","","1.350.000₫"
"12yqm","(Unknown)","Mã hàng (SKU): rv33","Rèm vải","","1.350.000₫"
"sp22l","(Unknown)","Mã hàng (SKU): rrm09","Rèm Roman","","1.350.000₫"
"rr2a3","(Unknown)","Mã hàng (SKU): rrm09","Rèm Roman","","1.350.000₫"
"a4s8x","(Unknown)","Mã hàng (SKU): mcv21","Rèm cầu vồng","","850.000₫"
"289qg","(Unknown)","Mã hàng (SKU): mcv21","Rèm cầu vồng","","850.000₫"