"id","sku","name","short_description","breadcrumb","images","attribute_0_value","attribute_0_name","regular_price","description"
"yqusj","#B120","Hoa Bó B 120","
","Hoa theo chủ đề>Ngày Quốc Tế Phụ Nữ 8/3","https://hoatuoi360.com/contents/images/Products/hoa-bo/lkjkhhgf.jpg","Bình thường","Kích thước",1900000,
"yqusj","#B120","Hoa Bó B 120","
","Hoa theo chủ đề>Ngày Quốc Tế Phụ Nữ 8/3","https://hoatuoi360.com/contents/images/Products/hoa-bo/lkjkhhgf.jpg","Lớn hơn (+30%)","Kích thước",2470000,
"hp0iq","#V129","Hoa bình V 129","
<p>Phong cách Hoàng Gia với Hồ Điệp, Cẩm Tú Cầu, Hồng...cùng các hoa lá phụ khác.</p>
","Hoa theo chủ đề>Ngày Quốc Tế Phụ Nữ 8/3","https://hoatuoi360.com/contents/images/Products/hoa-binh/Hoa-binh-V-126.jpg","Bình thường","Kích thước",3000000,"<p><strong>HOÀNG GIA</strong></p>
<p>Phần lớn mọi người đều muốn rằng không gian sống của mình thật thoải mái và tiện nghi, hơn thế là sang trọng và đẳng cấp, vì thế đặt hoa bình này của hoatuoi360.com trong phòng khách hay trong phòng làm việc sẽ khiến mọi thứ bừng sáng, tạo cho bạn cảm giác sảng khoái và hưng phấn nhất.</p>
"
"hp0iq","#V129","Hoa bình V 129","
<p>Phong cách Hoàng Gia với Hồ Điệp, Cẩm Tú Cầu, Hồng...cùng các hoa lá phụ khác.</p>
","Hoa theo chủ đề>Ngày Quốc Tế Phụ Nữ 8/3","https://hoatuoi360.com/contents/images/Products/hoa-binh/Hoa-binh-V-126.jpg","Lớn hơn (+30%)","Kích thước",3900000,"<p><strong>HOÀNG GIA</strong></p>
<p>Phần lớn mọi người đều muốn rằng không gian sống của mình thật thoải mái và tiện nghi, hơn thế là sang trọng và đẳng cấp, vì thế đặt hoa bình này của hoatuoi360.com trong phòng khách hay trong phòng làm việc sẽ khiến mọi thứ bừng sáng, tạo cho bạn cảm giác sảng khoái và hưng phấn nhất.</p>
"
"hz0ki","#B18002","Hoa Bó B 18002","
<p>Món quà hoa <strong>Mặn Mà</strong> gồm 11 Bông Hồng đỏ cùng các loại hoa lá phụ liệu khác.</p>
","Hoa theo chủ đề>Ngày Quốc Tế Phụ Nữ 8/3","https://hoatuoi360.com/contents/images/Products/hoa-bo/b%2018002.jpg","Bình thường","Kích thước",500000,"<p style=""margin-left:9.0pt;""><strong>MẶN MÀ</strong></p>
<p style=""margin-left:9.0pt;"">Hoa Hồng đỏ từ lâu đã tượng trưng cho một tình yêu mãnh liệt và đậm đà bày tỏ sự hạnh phúc vinh dự. Trong các mối quan hệ của các cặp đôi thì một bó Hoa Hồng đỏ sẽ thể hiện một khởi đầu lãng mạn và một tình yêu bền vững vượt thời gian.</p>
<p style=""margin-left:9.0pt;"">Hiện nay, việc tặng hoa ngày càng được phổ biến, người ta không chỉ tặng hoa hồng đỏ đơn thuần để thể hiện tình cảm nam nữ mà còn thể hiện tình cảm mặn mà không bờ bến đối với những người ta dành hết tình cảm yêu thương như mẹ, chị, em,… trong những dịp lễ đặc biệt như dịp Sinh nhật, Ngày Phụ Nữ, Chúc mừng,...</p>
<p style=""margin-left:9.0pt;"">&nbsp;</p>
"
"hz0ki","#B18002","Hoa Bó B 18002","
<p>Món quà hoa <strong>Mặn Mà</strong> gồm 11 Bông Hồng đỏ cùng các loại hoa lá phụ liệu khác.</p>
","Hoa theo chủ đề>Ngày Quốc Tế Phụ Nữ 8/3","https://hoatuoi360.com/contents/images/Products/hoa-bo/b%2018002.jpg","Lớn hơn (+30%)","Kích thước",650000,"<p style=""margin-left:9.0pt;""><strong>MẶN MÀ</strong></p>
<p style=""margin-left:9.0pt;"">Hoa Hồng đỏ từ lâu đã tượng trưng cho một tình yêu mãnh liệt và đậm đà bày tỏ sự hạnh phúc vinh dự. Trong các mối quan hệ của các cặp đôi thì một bó Hoa Hồng đỏ sẽ thể hiện một khởi đầu lãng mạn và một tình yêu bền vững vượt thời gian.</p>
<p style=""margin-left:9.0pt;"">Hiện nay, việc tặng hoa ngày càng được phổ biến, người ta không chỉ tặng hoa hồng đỏ đơn thuần để thể hiện tình cảm nam nữ mà còn thể hiện tình cảm mặn mà không bờ bến đối với những người ta dành hết tình cảm yêu thương như mẹ, chị, em,… trong những dịp lễ đặc biệt như dịp Sinh nhật, Ngày Phụ Nữ, Chúc mừng,...</p>
<p style=""margin-left:9.0pt;"">&nbsp;</p>
"
"qy4qd","#B117","Hoa Bó B 117","
<p>Bó hồng Ecuador và hoa lá phụ...</p>
","Hoa theo chủ đề>Ngày Quốc Tế Phụ Nữ 8/3","https://hoatuoi360.com/contents/images/Products/hoa-bo/Hoa-Bo-B-116.jpg","Bình thường","Kích thước",1000000,
"qy4qd","#B117","Hoa Bó B 117","
<p>Bó hồng Ecuador và hoa lá phụ...</p>
","Hoa theo chủ đề>Ngày Quốc Tế Phụ Nữ 8/3","https://hoatuoi360.com/contents/images/Products/hoa-bo/Hoa-Bo-B-116.jpg","Lớn hơn (+30%)","Kích thước",1300000,
"5kbdg","#BX078","Hoa hộp BX 078","
<p>Hộp Hoa gồm 50 bông hoa hồng nhung trong một hộp gỗ quý phái.</p>
","Hoa theo chủ đề>Lễ Tình Nhân 14/2","https://hoatuoi360.com/contents/images/Products/hoa-hop/Hoa-hop-BX-078.jpg","Bình thường","Kích thước",2700000,"<p><strong>CẢM KÍCH</strong></p>
<p>Hoa hồng nhung với vẻ đẹp đằm thắm&nbsp;được phát hiện trong phần lớn tác phẩm nghệ thuật.&nbsp;Hoa hồng nhung là loài được tìm thấy nhiều và sớm nhất trong tự nhiên trong đại gia đình hoa hồng. Hộp Hoa với Hoa Hồng Nhung là tình yêu, lòng biết ơn và&nbsp;sự cảm kích đối với những người mà bạn yêu quý.</p>
"
"5kbdg","#BX078","Hoa hộp BX 078","
<p>Hộp Hoa gồm 50 bông hoa hồng nhung trong một hộp gỗ quý phái.</p>
","Hoa theo chủ đề>Lễ Tình Nhân 14/2","https://hoatuoi360.com/contents/images/Products/hoa-hop/Hoa-hop-BX-078.jpg","Lớn hơn (+30%)","Kích thước",3510000,"<p><strong>CẢM KÍCH</strong></p>
<p>Hoa hồng nhung với vẻ đẹp đằm thắm&nbsp;được phát hiện trong phần lớn tác phẩm nghệ thuật.&nbsp;Hoa hồng nhung là loài được tìm thấy nhiều và sớm nhất trong tự nhiên trong đại gia đình hoa hồng. Hộp Hoa với Hoa Hồng Nhung là tình yêu, lòng biết ơn và&nbsp;sự cảm kích đối với những người mà bạn yêu quý.</p>
"
"mdlh","#B116","Hoa bó B 116","
","Hoa theo chủ đề>Ngày Quốc Tế Phụ Nữ 8/3","https://hoatuoi360.com/contents/images/Products/hoa-bo/Hoa-Bo-B-115.jpg","Bình thường","Kích thước",900000,
"mdlh","#B116","Hoa bó B 116","
","Hoa theo chủ đề>Ngày Quốc Tế Phụ Nữ 8/3","https://hoatuoi360.com/contents/images/Products/hoa-bo/Hoa-Bo-B-115.jpg","Lớn hơn (+30%)","Kích thước",1170000,
"3u96c","#B114","Hoa bó B114","
","Hoa theo chủ đề>Ngày Quốc Tế Phụ Nữ 8/3","https://hoatuoi360.com/contents/images/Products/hoa-bo/Hoa-Bo-B-113.jpg","Bình thường","Kích thước",1500000,
"3u96c","#B114","Hoa bó B114","
","Hoa theo chủ đề>Ngày Quốc Tế Phụ Nữ 8/3","https://hoatuoi360.com/contents/images/Products/hoa-bo/Hoa-Bo-B-113.jpg","Lớn hơn (+30%)","Kích thước",1950000,
"zrvkq","#B18100","Hoa bó B 18100","
<p>Bó Hoa <strong>Say Đắm</strong>&nbsp;gồm 1 Hoa Hồng đỏ, Hoa Bi&nbsp;cùng các hoa lá phụ liệu khác được thiết kế đơn giản nhưng không kém phần tinh tế và sang trọng.</p>
<p>&nbsp;</p>
","Hoa theo chủ đề>Ngày Quốc Tế Phụ Nữ 8/3","https://hoatuoi360.com/contents/images/Products/hoa-bo/Hoa-bo-B-121.jpg","Bình thường","Kích thước",30000,"<p style=""margin-left:9.0pt;""><strong>SAY ĐẮM</strong></p>
<p style=""margin-left:9.0pt;"">Hoa hồng đỏ sa sa mang màu sắc đỏ tươi, thường nhỏ hơn hoa hồng thường một chút. Nếu như hoa hồng nhập hay hoa hồng thường mang đến sắc đỏ thẫm quyền lực và nồng cháy, thì hoa hồng sa sa lại mang đến màu đỏ tươi mới mà gần gũi.</p>
<p style=""margin-left:9.0pt;"">Một đóa hồng sa sa nhỏ nhắn như ánh mắt e thẹn của người phụ nữ, sẽ khiến cánh mài râu say đắm từ phút giây đầu tiên.&nbsp;<strong>Say Đắm</strong>&nbsp;là món quà tuy đơn giản nhưng ý nghĩa to lớn đối với những người phụ nữ mà bạn quý trọng.</p>
<p style=""margin-left:9.0pt;""><em>Lưu ý: Tối thiểu 10 bó trên 1 đơn hàng</em></p>
"
"zrvkq","#B18100","Hoa bó B 18100","
<p>Bó Hoa <strong>Say Đắm</strong>&nbsp;gồm 1 Hoa Hồng đỏ, Hoa Bi&nbsp;cùng các hoa lá phụ liệu khác được thiết kế đơn giản nhưng không kém phần tinh tế và sang trọng.</p>
<p>&nbsp;</p>
","Hoa theo chủ đề>Ngày Quốc Tế Phụ Nữ 8/3","https://hoatuoi360.com/contents/images/Products/hoa-bo/Hoa-bo-B-121.jpg","Lớn hơn (+30%)","Kích thước",39000,"<p style=""margin-left:9.0pt;""><strong>SAY ĐẮM</strong></p>
<p style=""margin-left:9.0pt;"">Hoa hồng đỏ sa sa mang màu sắc đỏ tươi, thường nhỏ hơn hoa hồng thường một chút. Nếu như hoa hồng nhập hay hoa hồng thường mang đến sắc đỏ thẫm quyền lực và nồng cháy, thì hoa hồng sa sa lại mang đến màu đỏ tươi mới mà gần gũi.</p>
<p style=""margin-left:9.0pt;"">Một đóa hồng sa sa nhỏ nhắn như ánh mắt e thẹn của người phụ nữ, sẽ khiến cánh mài râu say đắm từ phút giây đầu tiên.&nbsp;<strong>Say Đắm</strong>&nbsp;là món quà tuy đơn giản nhưng ý nghĩa to lớn đối với những người phụ nữ mà bạn quý trọng.</p>
<p style=""margin-left:9.0pt;""><em>Lưu ý: Tối thiểu 10 bó trên 1 đơn hàng</em></p>
"
"h7687","#BX075","Hoa Hộp BX 075","
<p>Hoa Hộp gồm Hoa Hồng, Cẩm Tú, Lan Vũ Nữ, Green Wicky cùng các loại hoa lá phụ liệu khác.</p>
","Hoa theo chủ đề>Lễ Tình Nhân 14/2","https://hoatuoi360.com/contents/images/Products/hoa-hop/Hoa-hop-BX-079.jpg","Bình thường","Kích thước",1900000,"<p><strong>BẠN HỮU</strong></p>
<p>Tình bạn là nhận thêm niềm vui và chia bớt nỗi buồn. (Thomas Fuller). Hoa Hồng đỏ được biết đến là biểu tượng của tình yêu, nhưng không phải vì thế mà trong các mối quan hệ bạn bè Hoa Hồng không được dành tặng. Hoa Hồng Đỏ kết hợp với Cẩm Tú là tình bạn khăng khít, gắn bó cùng nhau trong lúc vui sướng cũng như lúc khổ đau. Hãy dành tặng Hoa Hộp BẠN HỮU trong những dịp Sinh nhật, Chúc mừng, ... của bạn bè nhé.</p>
"
"h7687","#BX075","Hoa Hộp BX 075","
<p>Hoa Hộp gồm Hoa Hồng, Cẩm Tú, Lan Vũ Nữ, Green Wicky cùng các loại hoa lá phụ liệu khác.</p>
","Hoa theo chủ đề>Lễ Tình Nhân 14/2","https://hoatuoi360.com/contents/images/Products/hoa-hop/Hoa-hop-BX-079.jpg","Lớn hơn (+30%)","Kích thước",2470000,"<p><strong>BẠN HỮU</strong></p>
<p>Tình bạn là nhận thêm niềm vui và chia bớt nỗi buồn. (Thomas Fuller). Hoa Hồng đỏ được biết đến là biểu tượng của tình yêu, nhưng không phải vì thế mà trong các mối quan hệ bạn bè Hoa Hồng không được dành tặng. Hoa Hồng Đỏ kết hợp với Cẩm Tú là tình bạn khăng khít, gắn bó cùng nhau trong lúc vui sướng cũng như lúc khổ đau. Hãy dành tặng Hoa Hộp BẠN HỮU trong những dịp Sinh nhật, Chúc mừng, ... của bạn bè nhé.</p>
"
"gbnqe","#BX001","Hoa hộp BX 001","
<p>Hoa Hộp rực rỡ với Hoa Ly cùng các loại hoa lá phụ khác.&nbsp;</p>
","Hoa theo chủ đề>Lễ Tình Nhân 14/2","https://hoatuoi360.com/contents/images/Products/hoa-hop/hoa-hop-BX-(L)-001.jpg","Bình thường","Kích thước",1000000,"<p><strong>GIÀU SANG</strong></p>
<p>Hoa Ly Tiger&nbsp;tráng lệ, sang trọng tượng trưng cho sự giàu sang và quyền quý. Gửi đi những đóa hoa Ly để mong ai đó hạnh phúc, thịnh vượng... Hộp Hoa thích hợp dành tặng trong những dịp Sinh nhật, Kỷ niệm, Chúc mừng,... để thể hiện tình cảm đối với những người thân yêu.<br>
<br>
<br>
&nbsp;</p>
"
"gbnqe","#BX001","Hoa hộp BX 001","
<p>Hoa Hộp rực rỡ với Hoa Ly cùng các loại hoa lá phụ khác.&nbsp;</p>
","Hoa theo chủ đề>Lễ Tình Nhân 14/2","https://hoatuoi360.com/contents/images/Products/hoa-hop/hoa-hop-BX-(L)-001.jpg","Lớn hơn (+30%)","Kích thước",1300000,"<p><strong>GIÀU SANG</strong></p>
<p>Hoa Ly Tiger&nbsp;tráng lệ, sang trọng tượng trưng cho sự giàu sang và quyền quý. Gửi đi những đóa hoa Ly để mong ai đó hạnh phúc, thịnh vượng... Hộp Hoa thích hợp dành tặng trong những dịp Sinh nhật, Kỷ niệm, Chúc mừng,... để thể hiện tình cảm đối với những người thân yêu.<br>
<br>
<br>
&nbsp;</p>
"